ID,First_Name,Last_Name,Age,Gender,Country,State,City,Department,Salary,Experience_Years,Joining_Date,Performance_Score,Email,Phone
515,Ishaan,Verma,43,Female,Canada,UP,Lucknow,Engineering,2499927,10,2022-07-05,2.66,ishaan.verma510@example.com,8413287302
1062,Vivaan,Nair,52,Male,Australia,Tamil Nadu,Mumbai,HR,2499641,19,2016-06-28,4.24,vivaan.nair1062@example.com,9015634481
1864,Arjun,Patel,43,Male,USA,Tamil Nadu,Mumbai,HR,2497020,17,2024-06-06,3.78,arjun.patel1864@example.com,7307518238
1495,Vihaan,Singh,49,Male,Australia,Karnataka,Mumbai,Engineering,2496808,18,2017-02-10,4.27,vihaan.singh1495@example.com,8114927121
818,Aditya,Singh,43,Male,Canada,Tamil Nadu,Hyderabad,HR,2496347,19,2022-08-30,1.88,aditya.singh818@example.com,7840143289
1910,Kabir,Khan,39,Female,USA,Karnataka,Lucknow,Finance,2495359,20,2018-10-03,4.69,kabir.khan1910@example.com,8258629400
1612,Ishaan,Khan,46,Male,Canada,UP,Lucknow,HR,2493496,7,2023-06-24,4.01,ishaan.khan1612@example.com,8622420038
932,Sai,Nair,21,Female,Australia,Karnataka,Delhi,Sales,2492866,12,2017-09-20,4.58,sai.nair932@example.com,9271190474
992,Ishaan,Nair,29,Female,UK,UP,Lucknow,Operations,2492056,5,2019-01-17,4.92,ishaan.nair992@example.com,9314309783
988,Kabir,Verma,54,Male,Australia,Karnataka,Bangalore,Operations,2488104,20,2022-09-01,3.12,kabir.verma988@example.com,8733074823
1963,Ishaan,Patel,24,Male,Canada,Maharashtra,Lucknow,Operations,2486268,3,2022-08-27,3.09,ishaan.patel1963@example.com,8280959316
147,Kabir,Gupta,30,Male,India,Delhi,Lucknow,HR,2484969,15,2018-04-25,1.4,kabir.gupta147@example.com,7253298569
152,Vihaan,Mehta,25,Female,India,Karnataka,Chennai,HR,2484036,18,2023-11-16,4.72,vihaan.mehta152@example.com,9380376614
1613,Arjun,Reddy,51,Male,Canada,Tamil Nadu,Lucknow,Marketing,2482311,7,2022-03-22,3.3,arjun.reddy1613@example.com,7103353122
493,Arjun,Reddy,36,Female,Canada,UP,Lucknow,Marketing,2481928,9,2018-03-02,1.34,arjun.reddy493@example.com,9722564551
552,Aarav,Das,45,Male,UK,Maharashtra,Lucknow,Marketing,2481618,11,2019-01-29,3.09,aarav.das552@example.com,9928528653
482,Aarav,Nair,49,Female,Australia,Delhi,Delhi,Marketing,2481443,3,2021-04-16,2.71,aarav.nair482@example.com,9632691807
910,Reyansh,Patel,37,Male,India,Karnataka,Lucknow,Marketing,2481315,12,2024-03-12,2.19,reyansh.patel910@example.com,7025335999
779,Aditya,Khan,25,Female,UK,Tamil Nadu,Hyderabad,Marketing,2480362,20,2023-03-22,1.45,aditya.khan779@example.com,7161581972
929,Aditya,Mehta,44,Female,USA,Maharashtra,Chennai,Marketing,2477214,20,2016-01-21,3,aditya.mehta929@example.com,8598845381
260,Aarav,Reddy,33,Male,UK,Delhi,Mumbai,Engineering,2476722,6,2023-05-10,2.02,aarav.reddy260@example.com,9510531878
42,Reyansh,Sharma,53,Male,Australia,Tamil Nadu,Delhi,Marketing,2476103,6,2021-08-29,2.13,reyansh.sharma42@example.com,7448359098
93,Arjun,Patel,29,Female,USA,Delhi,Delhi,Engineering,2475117,11,2023-04-21,1.27,arjun.patel93@example.com,9620822755
1979,Aditya,Mehta,35,Female,UK,Tamil Nadu,Bangalore,Engineering,2474855,4,2015-11-12,1.96,aditya.mehta1979@example.com,8584509782
1547,Kabir,Verma,48,Female,Canada,Delhi,Hyderabad,Sales,2473780,17,2022-07-11,1.78,kabir.verma1547@example.com,9931365316
713,Krishna,Khan,50,Male,India,Karnataka,Mumbai,Marketing,2472856,10,2018-03-22,3.43,krishna.khan713@example.com,7952919031
1203,Ishaan,Das,26,Male,India,UP,Hyderabad,Operations,2472348,3,2019-05-09,1.31,ishaan.das1203@example.com,8902751026
1473,Aditya,Das,33,Male,USA,Maharashtra,Chennai,Sales,2472201,8,2020-09-03,4.01,aditya.das1473@example.com,7760502607
1493,Reyansh,Mehta,46,Female,Canada,UP,Hyderabad,Engineering,2471357,6,2016-05-30,3.67,reyansh.mehta1493@example.com,8383463638
37,Sai,Gupta,48,Female,India,Tamil Nadu,Bangalore,Engineering,2470276,6,2022-06-18,3.26,sai.gupta37@example.com,9370221020
1994,Aditya,Patel,38,Female,Australia,UP,Hyderabad,Sales,2469914,4,2017-01-12,4.48,aditya.patel1994@example.com,7857194324
1785,Vihaan,Nair,51,Male,India,Delhi,Delhi,HR,2469837,5,2022-03-24,2.09,vihaan.nair1785@example.com,9737628858
366,Aditya,Gupta,56,Male,USA,Tamil Nadu,Chennai,Sales,2467755,14,2019-12-05,2.73,aditya.gupta366@example.com,9976484332
997,Arjun,Mehta,28,Male,Australia,Tamil Nadu,Mumbai,Finance,2467712,13,2015-06-06,2.2,arjun.mehta997@example.com,9418534424
1607,Reyansh,Khan,27,Male,Canada,Tamil Nadu,Hyderabad,Finance,2467162,7,2020-08-10,2.38,reyansh.khan1607@example.com,9803420542
1903,Aditya,Reddy,21,Female,India,Maharashtra,Mumbai,Operations,2465201,9,2022-04-17,1.34,aditya.reddy1903@example.com,8561296398
801,Aditya,Reddy,59,Male,USA,Maharashtra,Lucknow,Finance,2462193,13,2020-08-26,2.79,aditya.reddy801@example.com,9979372503
303,Kabir,Das,24,Male,USA,Tamil Nadu,Bangalore,Marketing,2461532,9,2020-05-20,4.1,kabir.das303@example.com,9714698381
1421,Arjun,Reddy,27,Female,UK,UP,Bangalore,Sales,2459612,13,2019-10-26,1.8,arjun.reddy1421@example.com,9791754998
1536,Krishna,Verma,31,Male,Australia,Delhi,Delhi,HR,2458934,19,2018-07-23,3.38,krishna.verma1536@example.com,7287316060
728,Vivaan,Verma,50,Male,India,UP,Lucknow,Marketing,2457273,14,2020-04-08,4.39,vivaan.verma728@example.com,7569918768
1015,Aditya,Nair,37,Male,Australia,UP,Mumbai,Engineering,2456193,14,2019-06-08,3.33,aditya.nair1015@example.com,8536420026
1155,Ishaan,Reddy,23,Male,UK,Tamil Nadu,Hyderabad,Finance,2454869,0,2016-06-05,4.04,ishaan.reddy1155@example.com,7695462758
1137,Kabir,Singh,52,Male,India,Delhi,Lucknow,HR,2453032,16,2020-12-30,3.81,kabir.singh1137@example.com,9641579954
656,Sai,Khan,57,Male,UK,Karnataka,Lucknow,Operations,2452969,16,2022-11-23,1.72,sai.khan656@example.com,7566115924
735,Kabir,Verma,47,Female,India,UP,Hyderabad,Marketing,2450045,4,2022-04-17,3.39,kabir.verma735@example.com,9414017470
476,Kabir,Patel,36,Female,India,Maharashtra,Chennai,Finance,2449541,11,2020-06-01,3.08,kabir.patel476@example.com,7192326594
306,Aarav,Das,29,Male,India,Karnataka,Chennai,Marketing,2447661,5,2015-10-04,1.65,aarav.das306@example.com,7386621550
375,Aditya,Patel,42,Female,India,Tamil Nadu,Delhi,Operations,2445952,8,2023-08-13,3.56,aditya.patel375@example.com,7901581193
696,Vihaan,Sharma,47,Female,Australia,Tamil Nadu,Chennai,Finance,2445139,6,2017-11-24,4.32,vihaan.sharma696@example.com,9359574751
571,Reyansh,Nair,43,Male,UK,Maharashtra,Bangalore,Operations,2444255,17,2015-05-21,1.06,reyansh.nair571@example.com,8135139549
349,Arjun,Nair,55,Female,Australia,Delhi,Delhi,Finance,2442054,16,2021-03-20,4,arjun.nair349@example.com,7813277193
1930,Reyansh,Das,32,Male,Canada,Karnataka,Delhi,HR,2441740,17,2021-02-25,3.86,reyansh.das1930@example.com,9668678432
1527,Aditya,Singh,41,Male,Canada,Delhi,Lucknow,HR,2441287,8,2015-11-11,1.39,aditya.singh1527@example.com,8825759586
53,Vivaan,Das,49,Female,Australia,Delhi,Delhi,Engineering,2439333,3,2017-01-07,1.21,vivaan.das53@example.com,9444896702
15,Vivaan,Verma,38,Female,Australia,Tamil Nadu,Bangalore,Marketing,2439017,18,2018-08-14,1.36,vivaan.verma15@example.com,7388460394
676,Ishaan,Nair,57,Male,India,Tamil Nadu,Bangalore,HR,2438183,3,2023-02-12,1.77,ishaan.nair676@example.com,9864634873
820,Reyansh,Verma,59,Male,India,Delhi,Hyderabad,Engineering,2436861,5,2015-12-06,3.46,reyansh.verma820@example.com,8631240216
661,Krishna,Mehta,21,Male,USA,Tamil Nadu,Mumbai,Finance,2436276,0,2015-12-24,4.04,krishna.mehta661@example.com,8675151574
1576,Vivaan,Das,45,Male,UK,Karnataka,Bangalore,HR,2436126,10,2019-12-29,1.04,vivaan.das1576@example.com,8307405014
81,Ishaan,Das,41,Female,UK,Maharashtra,Delhi,Marketing,2435782,6,2022-09-05,3.84,ishaan.das81@example.com,7960301275
406,Sai,Gupta,56,Female,India,Maharashtra,Chennai,Operations,2434650,0,2022-10-19,1.46,sai.gupta406@example.com,7757545338
432,Aarav,Sharma,45,Female,USA,Maharashtra,Mumbai,Marketing,2432367,20,2019-08-29,4.63,aarav.sharma432@example.com,9150388320
1920,Kabir,Reddy,55,Male,Australia,UP,Delhi,Finance,2431986,4,2022-06-07,1.01,kabir.reddy1920@example.com,8360839075
550,Krishna,Verma,48,Male,India,Tamil Nadu,Mumbai,Sales,2431960,18,2022-09-16,4.51,krishna.verma550@example.com,7649367668
745,Ishaan,Sharma,21,Male,Canada,Maharashtra,Chennai,Marketing,2430358,15,2021-08-06,3.4,ishaan.sharma745@example.com,9866168410
167,Reyansh,Patel,30,Female,Canada,Tamil Nadu,Bangalore,Marketing,2430223,15,2024-04-28,3.91,reyansh.patel167@example.com,9099003788
695,Sai,Singh,50,Female,Australia,Maharashtra,Bangalore,Finance,2429531,6,2016-07-17,4.68,sai.singh695@example.com,9075425803
1115,Kabir,Singh,30,Male,India,Karnataka,Bangalore,Operations,2429325,10,2022-05-21,1.92,kabir.singh1115@example.com,8799301324
920,Vivaan,Das,48,Female,USA,Maharashtra,Delhi,Engineering,2428518,5,2021-07-08,1.53,vivaan.das920@example.com,8776253287
1984,Reyansh,Gupta,32,Female,India,Karnataka,Hyderabad,Finance,2426462,5,2017-12-21,4.6,reyansh.gupta1984@example.com,9017154485
1383,Kabir,Mehta,38,Male,UK,Karnataka,Bangalore,Operations,2426083,18,2024-01-19,3.31,kabir.mehta1383@example.com,7947658641
255,Aditya,Verma,51,Female,Australia,Karnataka,Bangalore,Finance,2425518,12,2016-04-07,3.49,aditya.verma255@example.com,9574309117
978,Aarav,Mehta,35,Female,India,Maharashtra,Bangalore,Engineering,2423336,5,2015-12-29,2.68,aarav.mehta978@example.com,9774661943
1322,Sai,Khan,34,Female,Australia,Tamil Nadu,Mumbai,Sales,2422975,9,2020-12-11,1.77,sai.khan1322@example.com,7516142195
345,Aarav,Nair,28,Female,Australia,Karnataka,Bangalore,Marketing,2420432,6,2018-01-27,1.66,aarav.nair345@example.com,9043919508
448,Aarav,Patel,28,Female,USA,Maharashtra,Chennai,Operations,2419388,17,2017-11-26,1.81,aarav.patel448@example.com,9614125274
925,Vivaan,Patel,41,Male,Canada,Tamil Nadu,Bangalore,Sales,2419335,0,2015-01-07,2.84,vivaan.patel925@example.com,8975371056
1044,Ishaan,Das,22,Male,USA,UP,Hyderabad,Sales,2418195,4,2017-06-20,3.79,ishaan.das1044@example.com,8912921714
1692,Kabir,Nair,30,Male,USA,UP,Delhi,Sales,2417929,2,2024-06-20,2.36,kabir.nair1692@example.com,9478081640
543,Vivaan,Sharma,35,Female,Canada,UP,Lucknow,Operations,2417663,5,2024-02-14,2.51,vivaan.sharma543@example.com,8667632391
1172,Aarav,Khan,26,Female,Australia,UP,Chennai,Finance,2417506,1,2016-07-28,4.99,aarav.khan1172@example.com,7426136366
1515,Arjun,Nair,48,Male,India,Karnataka,Bangalore,Sales,2415769,14,2017-12-19,2.85,arjun.nair1515@example.com,7803945079
198,Aditya,Gupta,48,Male,Canada,Tamil Nadu,Hyderabad,Engineering,2415421,14,2018-10-10,2.17,aditya.gupta198@example.com,9216119786
1558,Arjun,Verma,49,Female,Australia,Delhi,Hyderabad,HR,2415162,14,2019-03-25,4.87,arjun.verma1558@example.com,8596298503
148,Arjun,Khan,57,Male,USA,Karnataka,Mumbai,Finance,2414195,15,2021-06-23,1.41,arjun.khan148@example.com,9570572590
934,Kabir,Das,54,Male,Australia,Tamil Nadu,Delhi,Sales,2412608,20,2023-05-07,1.52,kabir.das934@example.com,8796437673
1657,Krishna,Sharma,54,Male,UK,Karnataka,Bangalore,Sales,2411735,6,2021-07-29,1.11,krishna.sharma1657@example.com,9805711240
864,Vihaan,Nair,22,Female,Australia,Delhi,Hyderabad,Marketing,2410049,4,2023-10-05,3.12,vihaan.nair864@example.com,7091368633
1839,Krishna,Mehta,35,Male,Australia,Tamil Nadu,Bangalore,Finance,2408917,15,2022-12-26,1.29,krishna.mehta1839@example.com,8695425442
617,Reyansh,Gupta,47,Female,Canada,Karnataka,Hyderabad,Finance,2408850,16,2019-02-04,4.26,reyansh.gupta617@example.com,8560993953
118,Vivaan,Mehta,35,Male,UK,Maharashtra,Mumbai,Marketing,2407088,3,2023-06-28,2.65,vivaan.mehta118@example.com,8528178590
542,Aditya,Das,32,Female,India,Delhi,Delhi,Finance,2404689,19,2023-04-27,4.77,aditya.das542@example.com,9904168538
1542,Sai,Reddy,32,Female,India,Delhi,Bangalore,Sales,2403166,8,2016-04-25,4.31,sai.reddy1542@example.com,8025216748
670,Aarav,Verma,28,Male,USA,Delhi,Delhi,Engineering,2403139,14,2020-04-29,2.47,aarav.verma670@example.com,8396851568
1551,Ishaan,Nair,41,Female,India,Tamil Nadu,Chennai,Sales,2402552,16,2019-04-05,3.9,ishaan.nair1551@example.com,8695754228
443,Ishaan,Gupta,54,Male,UK,Tamil Nadu,Bangalore,Engineering,2402404,20,2021-01-31,4.45,ishaan.gupta443@example.com,8894217335
1889,Arjun,Patel,58,Male,USA,UP,Lucknow,HR,2401610,7,2021-05-06,2.61,arjun.patel1889@example.com,7281672330
1397,Vihaan,Gupta,32,Female,UK,Tamil Nadu,Delhi,Marketing,2401015,18,2020-01-03,4.79,vihaan.gupta1397@example.com,8608228307
914,Kabir,Verma,48,Male,India,Maharashtra,Chennai,Sales,2400773,14,2017-12-04,2.37,kabir.verma914@example.com,9013345418
1069,Reyansh,Singh,31,Female,USA,Tamil Nadu,Hyderabad,HR,2399139,1,2020-09-15,1.24,reyansh.singh1069@example.com,9792501204
1962,Reyansh,Khan,22,Male,India,Maharashtra,Chennai,Engineering,2398235,15,2023-12-22,3.05,reyansh.khan1962@example.com,7010105032
1265,Krishna,Singh,33,Female,India,Tamil Nadu,Bangalore,Operations,2397582,15,2020-09-11,1.26,krishna.singh1265@example.com,8893732103
1835,Reyansh,Patel,48,Male,USA,Maharashtra,Lucknow,HR,2396028,10,2017-11-26,4.98,reyansh.patel1835@example.com,8465054567
1614,Ishaan,Nair,34,Female,UK,Tamil Nadu,Chennai,Operations,2395121,14,2020-01-19,4.04,ishaan.nair1614@example.com,8428959181
796,Arjun,Gupta,53,Male,India,Karnataka,Delhi,Marketing,2394536,13,2020-01-01,1.8,arjun.gupta796@example.com,7807740149
411,Arjun,Singh,55,Female,India,UP,Hyderabad,HR,2393493,19,2022-10-01,4.6,arjun.singh411@example.com,8751634297
799,Krishna,Gupta,41,Male,Canada,Tamil Nadu,Chennai,Operations,2393078,6,2016-10-19,3.57,krishna.gupta799@example.com,7601384719
881,Krishna,Mehta,40,Female,Australia,Tamil Nadu,Bangalore,Finance,2392705,18,2024-12-18,4.87,krishna.mehta881@example.com,7423964343
391,Krishna,Mehta,55,Male,Australia,Karnataka,Bangalore,Operations,2392501,0,2024-04-19,4.38,krishna.mehta391@example.com,9868815408
1651,Aditya,Gupta,40,Male,India,UP,Mumbai,Finance,2390943,3,2017-03-06,1.21,aditya.gupta1651@example.com,8497728299
1384,Arjun,Nair,45,Female,Canada,Maharashtra,Delhi,Sales,2389680,6,2022-07-11,3.54,arjun.nair1384@example.com,7758394481
1500,Vivaan,Verma,51,Male,UK,UP,Bangalore,Finance,2389611,12,2022-08-23,2.91,vivaan.verma1500@example.com,8425477293
462,Krishna,Patel,57,Male,UK,Delhi,Chennai,Marketing,2389396,4,2018-05-20,1.43,krishna.patel462@example.com,9036386334
96,Aarav,Nair,39,Male,Australia,Maharashtra,Delhi,HR,2389227,11,2017-03-29,1.29,aarav.nair96@example.com,9187483914
1150,Aarav,Reddy,49,Male,India,Karnataka,Delhi,Marketing,2388417,16,2023-05-13,4.04,aarav.reddy1150@example.com,7568723205
1947,Aditya,Sharma,53,Female,UK,Tamil Nadu,Hyderabad,Marketing,2388037,9,2018-04-11,1.24,aditya.sharma1947@example.com,7937998819
976,Aarav,Patel,41,Male,Canada,UP,Delhi,HR,2386262,1,2018-01-02,2.71,aarav.patel976@example.com,8830873621
348,Krishna,Patel,47,Male,Australia,UP,Hyderabad,Sales,2386102,3,2024-10-19,3.61,krishna.patel348@example.com,7466589495
1689,Reyansh,Reddy,42,Female,UK,UP,Hyderabad,Marketing,2386047,18,2022-12-08,3.01,reyansh.reddy1689@example.com,7115016100
1599,Aarav,Verma,25,Male,Canada,Karnataka,Hyderabad,Engineering,2385871,12,2016-04-10,1.21,aarav.verma1599@example.com,8525365378
1342,Aditya,Khan,59,Female,Australia,Tamil Nadu,Bangalore,Sales,2381870,6,2022-08-12,2.28,aditya.khan1342@example.com,8827044260
1899,Aditya,Singh,24,Female,USA,Karnataka,Bangalore,HR,2380527,9,2015-07-21,3.67,aditya.singh1899@example.com,9511151033
861,Aditya,Reddy,45,Female,India,Delhi,Chennai,Operations,2379179,8,2024-10-28,2.03,aditya.reddy861@example.com,8382583830
82,Kabir,Nair,55,Male,UK,Karnataka,Hyderabad,Finance,2378986,9,2018-01-05,4.44,kabir.nair82@example.com,7895001919
1566,Arjun,Mehta,44,Male,Australia,UP,Lucknow,Engineering,2378868,1,2020-01-17,2.06,arjun.mehta1566@example.com,7068395941
469,Krishna,Gupta,30,Female,USA,Maharashtra,Hyderabad,Marketing,2375438,0,2018-08-22,2.83,krishna.gupta469@example.com,7286253426
1970,Aditya,Patel,29,Male,UK,Delhi,Mumbai,Finance,2375315,5,2020-04-13,2.98,aditya.patel1970@example.com,9625793746
603,Ishaan,Nair,44,Male,Australia,Maharashtra,Mumbai,HR,2373543,4,2022-06-22,4.01,ishaan.nair603@example.com,9860963356
1008,Vihaan,Sharma,54,Male,Canada,Delhi,Lucknow,Marketing,2373406,0,2015-09-11,4.32,vihaan.sharma1008@example.com,7232043245
1991,Krishna,Nair,38,Female,UK,Delhi,Delhi,HR,2373183,16,2015-01-01,1.3,krishna.nair1991@example.com,7040105497
773,Arjun,Patel,46,Male,Australia,UP,Mumbai,Finance,2372697,4,2018-10-18,1.87,arjun.patel773@example.com,7127687002
1211,Vivaan,Sharma,34,Male,Canada,Tamil Nadu,Bangalore,Operations,2371963,4,2021-05-25,1.94,vivaan.sharma1211@example.com,7466821424
1659,Kabir,Sharma,59,Male,UK,Maharashtra,Mumbai,HR,2371925,3,2016-08-23,4.39,kabir.sharma1659@example.com,9557425100
870,Aditya,Mehta,57,Male,Canada,Tamil Nadu,Chennai,Engineering,2371510,14,2023-08-05,4.84,aditya.mehta870@example.com,8508423001
17,Vivaan,Gupta,31,Female,Australia,Karnataka,Lucknow,Engineering,2369448,5,2015-03-28,2.93,vivaan.gupta17@example.com,7573315041
1519,Sai,Sharma,46,Female,India,Delhi,Delhi,Sales,2366615,4,2016-08-22,2.44,sai.sharma1519@example.com,7392299139
1874,Sai,Nair,52,Male,India,Delhi,Chennai,Engineering,2364565,13,2016-02-08,1.25,sai.nair1874@example.com,7262230771
157,Vihaan,Das,40,Female,Canada,Maharashtra,Bangalore,Operations,2363814,15,2022-11-10,4.06,vihaan.das157@example.com,7980616217
722,Sai,Das,34,Male,India,Delhi,Bangalore,Sales,2363682,4,2024-02-12,3.1,sai.das722@example.com,8957828620
1474,Reyansh,Mehta,36,Male,Australia,Karnataka,Mumbai,HR,2362505,13,2021-07-05,4.86,reyansh.mehta1474@example.com,9345306919
1700,Sai,Sharma,41,Female,UK,UP,Lucknow,Operations,2361868,17,2024-07-18,2.6,sai.sharma1700@example.com,8529910305
576,Ishaan,Mehta,56,Male,Canada,Tamil Nadu,Lucknow,Sales,2361021,19,2018-12-01,2.2,ishaan.mehta576@example.com,8189403890
509,Sai,Mehta,60,Female,India,Maharashtra,Hyderabad,Marketing,2360875,9,2023-10-06,1.43,sai.mehta509@example.com,8163106732
1387,Vihaan,Nair,50,Male,USA,Karnataka,Mumbai,Engineering,2360598,10,2024-04-14,3.2,vihaan.nair1387@example.com,8352237642
1030,Ishaan,Das,30,Male,UK,UP,Delhi,Operations,2360245,16,2015-07-17,1.71,ishaan.das1030@example.com,8528679556
1058,Vihaan,Gupta,47,Male,UK,Maharashtra,Chennai,Engineering,2360174,12,2018-08-12,3.99,vihaan.gupta1058@example.com,9715295144
919,Aarav,Mehta,58,Male,USA,Tamil Nadu,Lucknow,Engineering,2359274,19,2020-10-23,1.1,aarav.mehta919@example.com,7594467308
1578,Reyansh,Das,40,Male,India,UP,Mumbai,Sales,2358088,12,2020-07-07,2.97,reyansh.das1578@example.com,9793284598
1574,Krishna,Khan,22,Female,USA,UP,Bangalore,HR,2357534,19,2017-03-15,1.23,krishna.khan1574@example.com,9945982169
924,Kabir,Mehta,47,Female,India,Tamil Nadu,Mumbai,HR,2357020,2,2018-11-15,3.9,kabir.mehta924@example.com,9045575473
1027,Vivaan,Mehta,38,Male,UK,Tamil Nadu,Chennai,Marketing,2355512,18,2024-04-08,4.84,vivaan.mehta1027@example.com,8136104863
397,Kabir,Das,58,Female,Australia,Maharashtra,Chennai,Operations,2354271,7,2015-03-18,3.12,kabir.das397@example.com,7094420856
829,Reyansh,Khan,50,Male,UK,Tamil Nadu,Delhi,HR,2354121,19,2019-10-15,4.5,reyansh.khan829@example.com,9599391444
400,Sai,Reddy,24,Male,Canada,UP,Bangalore,HR,2350493,14,2017-03-15,3.12,sai.reddy400@example.com,9656354177
792,Vivaan,Gupta,50,Male,USA,Karnataka,Chennai,Finance,2350322,0,2015-02-06,2.38,vivaan.gupta792@example.com,9800482155
691,Reyansh,Verma,37,Female,India,Maharashtra,Chennai,HR,2350230,2,2020-06-01,3.27,reyansh.verma691@example.com,8399382963
581,Vivaan,Sharma,50,Female,Australia,Maharashtra,Chennai,Operations,2350140,11,2016-06-13,4.41,vivaan.sharma581@example.com,9373618670
51,Krishna,Singh,32,Male,Canada,UP,Chennai,Operations,2348434,20,2015-08-07,1.65,krishna.singh51@example.com,8593370599
918,Kabir,Singh,43,Male,Australia,UP,Lucknow,Operations,2348327,7,2023-02-10,4.38,kabir.singh918@example.com,9422136847
483,Reyansh,Khan,33,Male,USA,UP,Chennai,Operations,2348307,13,2017-12-13,3.01,reyansh.khan483@example.com,9275033196
86,Arjun,Das,45,Female,India,UP,Delhi,Marketing,2346885,6,2018-11-03,3.59,arjun.das86@example.com,8776470573
1073,Vivaan,Das,31,Female,UK,Maharashtra,Lucknow,Engineering,2346687,8,2021-09-18,2.77,vivaan.das1073@example.com,8998333934
1179,Krishna,Verma,47,Male,UK,Delhi,Delhi,Engineering,2345807,2,2016-09-02,3.39,krishna.verma1179@example.com,9793683340
1756,Vihaan,Verma,42,Female,Australia,Delhi,Hyderabad,Sales,2344423,9,2021-08-29,3.88,vihaan.verma1756@example.com,7315601078
1606,Aditya,Reddy,34,Female,UK,Tamil Nadu,Delhi,Marketing,2344350,7,2019-02-06,1.92,aditya.reddy1606@example.com,8296764990
1901,Krishna,Verma,56,Female,Australia,Maharashtra,Chennai,Finance,2344248,16,2024-11-27,2.64,krishna.verma1901@example.com,7474525122
73,Krishna,Mehta,50,Female,India,Karnataka,Bangalore,Sales,2343589,15,2021-04-01,1.06,krishna.mehta73@example.com,8779502170
1471,Sai,Gupta,60,Male,Australia,Karnataka,Mumbai,HR,2343246,10,2022-06-08,4.2,sai.gupta1471@example.com,8236364131
710,Aditya,Gupta,36,Female,UK,Tamil Nadu,Bangalore,Finance,2342953,13,2020-04-26,1.27,aditya.gupta710@example.com,8166900974
103,Reyansh,Gupta,51,Female,Australia,Tamil Nadu,Hyderabad,Marketing,2338735,17,2015-05-10,4.46,reyansh.gupta103@example.com,7004399594
1028,Ishaan,Reddy,46,Male,India,Tamil Nadu,Hyderabad,HR,2338443,4,2017-10-16,3.01,ishaan.reddy1028@example.com,7642033704
626,Ishaan,Gupta,26,Male,Australia,Delhi,Chennai,Marketing,2336961,18,2015-07-25,3.34,ishaan.gupta626@example.com,8417476445
1121,Aarav,Nair,33,Male,UK,Delhi,Lucknow,Finance,2335922,20,2020-12-21,1.42,aarav.nair1121@example.com,7096323667
80,Krishna,Verma,33,Male,Canada,Karnataka,Chennai,HR,2335355,3,2019-06-27,1.69,krishna.verma80@example.com,8892141602
636,Aditya,Khan,48,Female,Canada,Delhi,Hyderabad,Marketing,2334861,18,2017-01-27,3.46,aditya.khan636@example.com,9831527884
1114,Aditya,Patel,39,Male,Australia,Maharashtra,Chennai,Engineering,2334681,19,2024-07-04,2.01,aditya.patel1114@example.com,9774623062
803,Ishaan,Sharma,38,Male,USA,Maharashtra,Delhi,HR,2329191,9,2023-07-12,4.11,ishaan.sharma803@example.com,8262715613
673,Ishaan,Verma,59,Male,Canada,Maharashtra,Bangalore,Finance,2328908,0,2023-12-23,3.8,ishaan.verma673@example.com,9110179760
1665,Aarav,Verma,59,Female,Australia,Tamil Nadu,Delhi,Marketing,2325682,8,2021-06-23,2.87,aarav.verma1665@example.com,7564973143
436,Reyansh,Verma,40,Male,Australia,Delhi,Chennai,Finance,2325654,20,2021-03-25,1.04,reyansh.verma436@example.com,7228089557
484,Krishna,Singh,25,Male,Australia,Tamil Nadu,Mumbai,Operations,2324530,14,2019-10-24,2.9,krishna.singh484@example.com,9774878319
871,Vivaan,Mehta,21,Male,USA,Tamil Nadu,Mumbai,Sales,2320804,9,2024-08-11,4.45,vivaan.mehta871@example.com,7321429255
409,Sai,Reddy,38,Male,India,Karnataka,Chennai,Operations,2320372,15,2020-08-09,1.81,sai.reddy409@example.com,9548268943
597,Sai,Singh,27,Female,UK,Tamil Nadu,Lucknow,Engineering,2319497,14,2024-04-25,4.07,sai.singh597@example.com,8662950884
1494,Reyansh,Verma,23,Male,USA,Maharashtra,Mumbai,Finance,2317144,1,2022-10-12,4.56,reyansh.verma1494@example.com,7427530314
613,Vihaan,Nair,54,Male,India,Tamil Nadu,Delhi,Operations,2315375,7,2015-11-09,1.13,vihaan.nair613@example.com,7699350333
328,Sai,Gupta,24,Female,Australia,Tamil Nadu,Bangalore,Marketing,2314691,1,2023-01-19,4.78,sai.gupta328@example.com,8558937859
311,Vivaan,Gupta,50,Male,Canada,Delhi,Mumbai,Marketing,2314569,16,2015-08-24,4.41,vivaan.gupta311@example.com,8009177447
604,Ishaan,Verma,44,Female,India,Maharashtra,Hyderabad,Operations,2312550,4,2020-01-03,1.1,ishaan.verma604@example.com,7167309893
1284,Aarav,Mehta,30,Male,USA,Karnataka,Chennai,Operations,2311595,16,2016-11-24,1.93,aarav.mehta1284@example.com,9717699062
1154,Aarav,Gupta,42,Female,UK,UP,Chennai,Sales,2310856,6,2024-01-16,2.73,aarav.gupta1154@example.com,8447493215
41,Arjun,Sharma,28,Male,UK,Maharashtra,Bangalore,Marketing,2307554,2,2017-12-25,3,arjun.sharma41@example.com,7218676561
1667,Reyansh,Patel,51,Female,UK,Maharashtra,Bangalore,Engineering,2307061,12,2016-12-25,3.65,reyansh.patel1667@example.com,9003133215
297,Arjun,Reddy,57,Male,USA,Karnataka,Delhi,Engineering,2306604,11,2019-09-24,2.91,arjun.reddy297@example.com,7372615725
962,Vihaan,Das,34,Male,India,Tamil Nadu,Lucknow,Marketing,2306517,18,2024-09-14,2.88,vihaan.das962@example.com,7946200710
941,Kabir,Patel,42,Male,Australia,Delhi,Lucknow,Sales,2305242,13,2020-08-11,3.53,kabir.patel941@example.com,9689664492
697,Vivaan,Khan,41,Male,India,UP,Delhi,Marketing,2302808,20,2024-10-14,2.91,vivaan.khan697@example.com,9199893292
1848,Sai,Sharma,50,Female,Australia,Karnataka,Lucknow,Engineering,2299919,15,2018-12-23,4.71,sai.sharma1848@example.com,7687932609
618,Sai,Khan,59,Female,India,UP,Delhi,Engineering,2299320,19,2022-08-06,4.33,sai.khan618@example.com,7682618146
585,Arjun,Das,47,Female,USA,Maharashtra,Delhi,Engineering,2297884,4,2024-12-08,3.1,arjun.das585@example.com,8939519551
957,Reyansh,Das,50,Female,UK,Karnataka,Chennai,Finance,2297117,15,2015-01-06,1.53,reyansh.das957@example.com,8678795679
419,Arjun,Das,40,Male,Australia,Maharashtra,Lucknow,Finance,2295604,7,2021-09-12,4.29,arjun.das419@example.com,7640131567
1054,Arjun,Mehta,43,Male,Australia,Maharashtra,Bangalore,Sales,2295213,3,2019-06-09,1.86,arjun.mehta1054@example.com,7566809019
59,Vihaan,Singh,22,Female,Australia,Maharashtra,Mumbai,Engineering,2294060,4,2021-03-18,2.69,vihaan.singh59@example.com,9829139073
45,Ishaan,Khan,25,Female,USA,Karnataka,Bangalore,Finance,2293487,9,2018-09-29,1.92,ishaan.khan45@example.com,9734729740
68,Vivaan,Sharma,57,Male,USA,Maharashtra,Chennai,HR,2292255,3,2016-12-14,1.13,vivaan.sharma68@example.com,9190448751
254,Krishna,Gupta,34,Male,UK,Maharashtra,Lucknow,Operations,2292107,4,2021-11-04,4.38,krishna.gupta254@example.com,9658540680
1437,Vihaan,Gupta,43,Female,Canada,Delhi,Mumbai,Sales,2291138,11,2017-06-09,4.27,vihaan.gupta1437@example.com,8633184131
193,Aarav,Gupta,56,Female,UK,Tamil Nadu,Mumbai,Operations,2286580,14,2020-09-29,4.59,aarav.gupta193@example.com,7875397220
105,Reyansh,Nair,27,Female,India,Delhi,Chennai,Operations,2284542,11,2019-08-19,2.48,reyansh.nair105@example.com,9952838364
561,Krishna,Das,26,Female,USA,Maharashtra,Delhi,Engineering,2284165,16,2023-04-25,4.86,krishna.das561@example.com,9348316449
927,Vihaan,Reddy,30,Female,India,Delhi,Lucknow,Sales,2283620,12,2015-08-08,3.72,vihaan.reddy927@example.com,9034246885
1934,Ishaan,Sharma,22,Female,India,UP,Lucknow,Operations,2282945,19,2023-10-28,1.3,ishaan.sharma1934@example.com,8290374675
1217,Kabir,Gupta,46,Female,UK,Karnataka,Bangalore,Operations,2282349,6,2023-08-22,2.67,kabir.gupta1217@example.com,7604726054
819,Vivaan,Verma,49,Female,USA,Delhi,Mumbai,Sales,2282240,19,2024-11-02,1.95,vivaan.verma819@example.com,8309237937
827,Vihaan,Das,47,Female,Australia,Maharashtra,Mumbai,Sales,2281618,3,2023-05-24,3.64,vihaan.das827@example.com,9361390747
1643,Reyansh,Das,55,Female,UK,UP,Delhi,Operations,2275612,10,2021-06-16,4.11,reyansh.das1643@example.com,8264342700
1433,Sai,Mehta,58,Male,UK,UP,Chennai,Sales,2272808,2,2021-09-07,3.96,sai.mehta1433@example.com,7991527957
115,Kabir,Singh,37,Male,India,Maharashtra,Mumbai,Engineering,2272154,18,2023-12-13,1.36,kabir.singh115@example.com,9784266974
688,Aditya,Singh,37,Female,Canada,Delhi,Lucknow,Operations,2268073,0,2015-07-21,4.55,aditya.singh688@example.com,7629641527
1394,Sai,Singh,33,Female,USA,Karnataka,Mumbai,Marketing,2267206,19,2020-06-07,3.63,sai.singh1394@example.com,9297987997
386,Vihaan,Patel,26,Female,Canada,Tamil Nadu,Chennai,Operations,2265068,3,2018-03-18,1.69,vihaan.patel386@example.com,7092451150
377,Aarav,Singh,22,Female,USA,Delhi,Hyderabad,Engineering,2264319,18,2022-09-18,1.08,aarav.singh377@example.com,8602119575
401,Aditya,Sharma,27,Female,India,Tamil Nadu,Bangalore,Marketing,2263477,1,2020-08-06,2.09,aditya.sharma401@example.com,8084813923
1435,Sai,Singh,40,Female,Australia,UP,Lucknow,Sales,2263282,3,2018-10-17,3.91,sai.singh1435@example.com,9699888593
1053,Vihaan,Gupta,30,Female,USA,Maharashtra,Hyderabad,HR,2263016,14,2016-04-02,4.38,vihaan.gupta1053@example.com,8704007331
179,Vivaan,Singh,51,Female,Canada,Delhi,Delhi,Engineering,2262669,8,2019-11-17,4.76,vivaan.singh179@example.com,9437180602
772,Vivaan,Gupta,32,Male,Canada,Karnataka,Mumbai,Engineering,2261577,7,2020-08-08,2.39,vivaan.gupta772@example.com,7196528962
810,Krishna,Gupta,46,Female,Australia,UP,Lucknow,Finance,2260796,11,2015-04-11,2.16,krishna.gupta810@example.com,9497653256
945,Reyansh,Khan,52,Female,USA,UP,Chennai,Sales,2260466,0,2021-06-05,4.37,reyansh.khan945@example.com,8382133624
1085,Vivaan,Reddy,57,Female,USA,Maharashtra,Delhi,Sales,2258968,17,2018-03-19,4.43,vivaan.reddy1085@example.com,9397163450
684,Vivaan,Das,43,Female,Australia,Maharashtra,Lucknow,Finance,2258176,19,2015-05-21,3.41,vivaan.das684@example.com,8549133174
257,Krishna,Mehta,25,Male,UK,Maharashtra,Chennai,Engineering,2255060,12,2021-01-03,4.12,krishna.mehta257@example.com,7571657529
634,Reyansh,Patel,28,Male,UK,Maharashtra,Hyderabad,Finance,2253904,18,2023-02-14,4.88,reyansh.patel634@example.com,8093503310
838,Ishaan,Reddy,42,Male,India,Maharashtra,Chennai,Sales,2253537,7,2016-09-07,4.84,ishaan.reddy838@example.com,9134449836
1788,Reyansh,Sharma,26,Male,USA,Maharashtra,Mumbai,Sales,2253366,7,2022-01-07,4.86,reyansh.sharma1788@example.com,8412109875
720,Reyansh,Verma,44,Female,USA,UP,Delhi,Marketing,2253125,7,2024-03-26,2.59,reyansh.verma720@example.com,9596410984
1130,Aditya,Gupta,51,Male,India,Karnataka,Mumbai,Finance,2252873,10,2017-10-29,1.12,aditya.gupta1130@example.com,8838220049
352,Ishaan,Singh,29,Female,India,Maharashtra,Lucknow,Marketing,2252806,14,2023-05-16,4.97,ishaan.singh352@example.com,9384612041
131,Ishaan,Das,51,Male,India,Delhi,Chennai,Finance,2250533,16,2022-12-28,4.54,ishaan.das131@example.com,8858158018
275,Reyansh,Nair,50,Female,Australia,Karnataka,Delhi,HR,2249528,1,2020-04-22,4.2,reyansh.nair275@example.com,8975890235
113,Reyansh,Nair,43,Male,UK,UP,Delhi,Sales,2247881,20,2023-02-22,4.79,reyansh.nair113@example.com,8073605094
1045,Aditya,Das,58,Female,Australia,Karnataka,Bangalore,HR,2247359,19,2021-12-07,3,aditya.das1045@example.com,8491021407
1824,Vihaan,Reddy,56,Female,USA,Tamil Nadu,Bangalore,Finance,2247142,2,2016-08-23,1.36,vihaan.reddy1824@example.com,9015775246
1483,Vivaan,Mehta,33,Male,India,Tamil Nadu,Delhi,HR,2247069,19,2024-11-11,3.12,vivaan.mehta1483@example.com,9903261816
1117,Vihaan,Nair,49,Male,UK,Tamil Nadu,Delhi,HR,2245408,8,2020-05-06,1.77,vihaan.nair1117@example.com,7554430962
1366,Sai,Singh,45,Female,Australia,UP,Chennai,Operations,2245360,20,2021-08-04,1.03,sai.singh1366@example.com,8438005954
1587,Krishna,Verma,27,Male,Australia,Maharashtra,Hyderabad,Engineering,2245173,6,2018-08-30,4.15,krishna.verma1587@example.com,7252536893
1082,Reyansh,Khan,22,Female,UK,Karnataka,Chennai,Engineering,2245008,3,2018-10-27,1.73,reyansh.khan1082@example.com,8509226328
555,Aarav,Gupta,43,Female,India,Delhi,Chennai,Sales,2240914,11,2023-02-15,3.13,aarav.gupta555@example.com,8459267231
1339,Vihaan,Verma,42,Male,UK,Tamil Nadu,Bangalore,Operations,2240447,2,2023-02-15,3.31,vihaan.verma1339@example.com,8825927939
1815,Reyansh,Das,49,Male,India,Karnataka,Delhi,Finance,2239087,13,2020-03-18,2.28,reyansh.das1815@example.com,9201537883
940,Ishaan,Gupta,27,Male,Canada,Maharashtra,Chennai,Finance,2237931,0,2023-02-19,4.12,ishaan.gupta940@example.com,9067522484
125,Aarav,Singh,56,Male,USA,Karnataka,Delhi,Operations,2235417,13,2016-05-31,3.31,aarav.singh125@example.com,7423098205
1818,Sai,Gupta,31,Female,Canada,Tamil Nadu,Lucknow,Engineering,2234355,17,2021-07-08,3.08,sai.gupta1818@example.com,8424247265
930,Sai,Nair,56,Male,Australia,Karnataka,Chennai,Marketing,2233623,9,2020-02-15,1.38,sai.nair930@example.com,7800487946
1129,Aditya,Sharma,27,Male,India,Tamil Nadu,Chennai,Engineering,2233051,1,2019-06-29,3.06,aditya.sharma1129@example.com,8940231241
1007,Sai,Singh,51,Male,Canada,UP,Lucknow,HR,2233024,5,2020-06-13,1.05,sai.singh1007@example.com,7923579236
248,Sai,Gupta,50,Female,Australia,Delhi,Lucknow,Marketing,2232301,14,2016-06-16,4.22,sai.gupta248@example.com,8892290269
1190,Ishaan,Mehta,60,Female,UK,UP,Hyderabad,Engineering,2231520,18,2016-01-02,3.64,ishaan.mehta1190@example.com,7106927480
858,Kabir,Das,44,Male,USA,Delhi,Hyderabad,Finance,2230999,11,2019-12-11,2.85,kabir.das858@example.com,7091819927
894,Krishna,Reddy,57,Male,Australia,Karnataka,Delhi,HR,2230850,8,2021-11-22,2.57,krishna.reddy894@example.com,9040297558
583,Arjun,Das,40,Male,UK,Karnataka,Mumbai,Engineering,2230444,15,2023-01-24,2.81,arjun.das583@example.com,9868158692
1201,Kabir,Gupta,50,Male,Australia,UP,Chennai,Finance,2230259,0,2020-08-14,1.6,kabir.gupta1201@example.com,9530943835
100,Krishna,Reddy,51,Female,Canada,Karnataka,Chennai,HR,2229103,12,2020-07-25,4.39,krishna.reddy100@example.com,7857806685
1720,Vihaan,Das,39,Male,UK,Delhi,Mumbai,Operations,2228347,6,2024-01-21,4.04,vihaan.das1720@example.com,7652601101
744,Aarav,Singh,60,Female,Australia,UP,Delhi,Sales,2226750,11,2018-04-01,1.29,aarav.singh744@example.com,9164486023
657,Vihaan,Das,52,Female,India,Maharashtra,Lucknow,Engineering,2226369,10,2023-03-11,1.01,vihaan.das657@example.com,7755564521
1932,Reyansh,Gupta,33,Female,USA,Maharashtra,Delhi,HR,2226301,20,2024-03-02,4.98,reyansh.gupta1932@example.com,8521660237
1747,Aditya,Khan,36,Male,UK,Delhi,Delhi,Operations,2226248,15,2021-04-01,1.27,aditya.khan1747@example.com,7579339222
1255,Sai,Patel,52,Male,UK,Maharashtra,Mumbai,Finance,2225486,10,2015-07-14,1.71,sai.patel1255@example.com,7213726466
998,Vihaan,Gupta,50,Female,USA,Delhi,Mumbai,Engineering,2225381,8,2016-11-24,4.97,vihaan.gupta998@example.com,8011898560
1902,Aarav,Reddy,31,Female,Canada,Maharashtra,Bangalore,HR,2224999,7,2016-07-25,1.57,aarav.reddy1902@example.com,9415359463
40,Vihaan,Mehta,30,Male,Canada,Delhi,Lucknow,Finance,2223298,14,2022-09-06,1.38,vihaan.mehta40@example.com,9581525876
1300,Vihaan,Das,40,Female,USA,Maharashtra,Lucknow,Finance,2222854,2,2017-10-27,1.15,vihaan.das1300@example.com,9004245899
1097,Aditya,Das,47,Male,Australia,Karnataka,Delhi,Engineering,2211534,2,2017-04-15,4.29,aditya.das1097@example.com,9350363975
1555,Ishaan,Patel,30,Male,India,Karnataka,Chennai,Sales,2210964,8,2024-05-08,1.24,ishaan.patel1555@example.com,7793745672
530,Ishaan,Patel,59,Male,Australia,Tamil Nadu,Hyderabad,Marketing,2210385,14,2023-12-13,4.22,ishaan.patel530@example.com,7234491721
477,Aarav,Das,26,Female,USA,Tamil Nadu,Mumbai,Operations,2209587,4,2018-09-13,4.78,aarav.das477@example.com,9470546361
660,Ishaan,Sharma,48,Female,Canada,Delhi,Hyderabad,Sales,2209497,1,2017-11-27,1.96,ishaan.sharma660@example.com,8214002803
1454,Vivaan,Reddy,49,Male,India,Delhi,Delhi,Engineering,2208570,9,2018-08-13,1.99,vivaan.reddy1454@example.com,7983393941
966,Kabir,Gupta,48,Male,Australia,Maharashtra,Mumbai,Finance,2205600,6,2018-01-25,3.81,kabir.gupta966@example.com,7884317790
740,Aditya,Das,46,Female,India,Delhi,Bangalore,Finance,2203784,13,2021-12-01,3.28,aditya.das740@example.com,9322336142
1557,Vivaan,Khan,40,Male,USA,UP,Mumbai,Finance,2201374,4,2022-03-30,3.96,vivaan.khan1557@example.com,9049501190
1819,Kabir,Nair,59,Male,Australia,Tamil Nadu,Bangalore,Engineering,2198663,2,2016-11-20,1.86,kabir.nair1819@example.com,9675822220
489,Vihaan,Sharma,60,Male,USA,UP,Lucknow,Marketing,2197819,4,2015-10-02,4.69,vihaan.sharma489@example.com,8794749433
433,Kabir,Das,60,Male,UK,Maharashtra,Bangalore,Engineering,2196929,14,2021-08-31,4.2,kabir.das433@example.com,8990973706
1897,Vivaan,Verma,50,Female,USA,Karnataka,Delhi,Sales,2195931,0,2019-05-22,3.46,vivaan.verma1897@example.com,9849220548
251,Sai,Gupta,45,Female,USA,Tamil Nadu,Mumbai,Marketing,2194197,10,2023-03-15,1.72,sai.gupta251@example.com,9771699236
1445,Aditya,Verma,25,Female,Australia,Karnataka,Bangalore,Finance,2191923,1,2024-03-18,4.28,aditya.verma1445@example.com,7991110957
1982,Reyansh,Khan,29,Male,Australia,UP,Lucknow,Engineering,2191161,4,2019-01-19,3.25,reyansh.khan1982@example.com,9936304380
1110,Arjun,Sharma,46,Female,Australia,Karnataka,Bangalore,Finance,2191146,14,2024-12-23,2.34,arjun.sharma1110@example.com,7044761943
681,Kabir,Verma,36,Female,USA,Delhi,Delhi,HR,2190991,1,2022-09-26,2.99,kabir.verma681@example.com,7246705756
1367,Arjun,Das,58,Female,Canada,Karnataka,Mumbai,Engineering,2189121,20,2019-11-09,2.91,arjun.das1367@example.com,8291003452
939,Vivaan,Khan,28,Female,UK,Delhi,Hyderabad,HR,2188231,12,2023-07-02,1.75,vivaan.khan939@example.com,8017343682
1120,Aarav,Patel,38,Female,Canada,Karnataka,Chennai,Finance,2187724,14,2024-07-26,4.94,aarav.patel1120@example.com,7387131194
1675,Aarav,Nair,42,Male,USA,Karnataka,Hyderabad,Sales,2187313,3,2022-12-24,2.33,aarav.nair1675@example.com,7940620353
1415,Aarav,Nair,59,Male,USA,Tamil Nadu,Mumbai,HR,2184689,9,2021-04-07,4.87,aarav.nair1415@example.com,7535767142
851,Aarav,Patel,42,Female,Canada,Karnataka,Lucknow,Engineering,2183561,5,2019-04-29,3.15,aarav.patel851@example.com,9925627703
416,Vihaan,Khan,22,Male,Canada,Delhi,Delhi,Engineering,2183438,3,2018-07-28,3.94,vihaan.khan416@example.com,8107490842
545,Kabir,Das,29,Female,Australia,Karnataka,Chennai,Finance,2183230,9,2021-02-10,2.28,kabir.das545@example.com,9759369806
946,Arjun,Gupta,45,Male,Australia,Tamil Nadu,Hyderabad,Operations,2182460,10,2022-02-07,2.71,arjun.gupta946@example.com,8837205152
420,Kabir,Gupta,33,Female,Australia,Tamil Nadu,Lucknow,Operations,2173561,5,2017-08-09,2.75,kabir.gupta420@example.com,9661687706
410,Vihaan,Singh,28,Female,India,Maharashtra,Bangalore,Marketing,2172552,4,2020-06-09,2.56,vihaan.singh410@example.com,9618224546
1457,Aarav,Mehta,32,Male,India,Delhi,Hyderabad,Marketing,2170798,12,2016-10-06,2.45,aarav.mehta1457@example.com,8303209011
403,Aarav,Sharma,60,Female,USA,Tamil Nadu,Chennai,Marketing,2170715,1,2020-06-21,4.3,aarav.sharma403@example.com,8486784072
281,Krishna,Patel,56,Male,Australia,Tamil Nadu,Delhi,Engineering,2170665,7,2021-11-21,4.71,krishna.patel281@example.com,7953294487
491,Krishna,Singh,36,Female,India,Tamil Nadu,Hyderabad,Engineering,2170360,17,2017-04-22,3.63,krishna.singh491@example.com,7924212613
1540,Vihaan,Singh,59,Male,Canada,Karnataka,Lucknow,Operations,2169904,8,2015-01-31,2.81,vihaan.singh1540@example.com,8664406822
822,Reyansh,Verma,58,Female,Australia,UP,Lucknow,HR,2168015,14,2021-09-22,2.16,reyansh.verma822@example.com,7151877547
1749,Aarav,Das,46,Female,Australia,UP,Mumbai,Sales,2167454,9,2016-10-12,4.52,aarav.das1749@example.com,7791832259
1225,Ishaan,Patel,46,Female,Australia,Delhi,Chennai,Finance,2164913,0,2020-08-01,2.59,ishaan.patel1225@example.com,9900306085
1554,Vihaan,Das,25,Male,USA,UP,Hyderabad,HR,2164462,0,2022-12-16,4.97,vihaan.das1554@example.com,8349244599
1221,Sai,Khan,46,Female,USA,UP,Bangalore,Engineering,2162992,3,2016-06-21,4.32,sai.khan1221@example.com,8381837363
1402,Aditya,Verma,38,Female,India,Maharashtra,Lucknow,Finance,2162552,8,2023-06-14,4.68,aditya.verma1402@example.com,7293952904
1505,Arjun,Das,50,Female,UK,Maharashtra,Bangalore,Finance,2161977,5,2019-02-24,1.32,arjun.das1505@example.com,8654905912
435,Vivaan,Gupta,34,Female,UK,Karnataka,Chennai,HR,2159658,18,2016-10-18,4.25,vivaan.gupta435@example.com,8295353081
659,Sai,Khan,41,Male,USA,Tamil Nadu,Hyderabad,Marketing,2159639,2,2021-07-27,4.91,sai.khan659@example.com,8419978711
1094,Aarav,Sharma,35,Male,Australia,UP,Hyderabad,Operations,2159380,12,2017-12-16,2.51,aarav.sharma1094@example.com,8882625758
607,Aditya,Patel,52,Male,Australia,Delhi,Lucknow,Operations,2158160,9,2018-08-29,4,aditya.patel607@example.com,9498697657
430,Aditya,Mehta,48,Male,Australia,UP,Bangalore,Operations,2157712,1,2021-10-25,1.54,aditya.mehta430@example.com,7525828098
1876,Ishaan,Nair,22,Male,India,Tamil Nadu,Hyderabad,Finance,2157694,2,2021-01-01,1.8,ishaan.nair1876@example.com,9067753180
452,Aditya,Verma,44,Male,USA,Tamil Nadu,Chennai,Marketing,2157179,20,2020-10-11,3.44,aditya.verma452@example.com,9137588855
1453,Vivaan,Patel,48,Female,Australia,Maharashtra,Delhi,Engineering,2153827,14,2022-02-21,1.67,vivaan.patel1453@example.com,9616251633
1213,Arjun,Verma,29,Male,USA,Karnataka,Chennai,HR,2151891,5,2021-03-03,1.04,arjun.verma1213@example.com,7987453437
1506,Vihaan,Verma,23,Male,Australia,Tamil Nadu,Lucknow,Operations,2151283,20,2022-12-31,1.51,vihaan.verma1506@example.com,8555341195
263,Kabir,Verma,21,Female,Australia,Delhi,Bangalore,Marketing,2150047,16,2024-06-12,2.3,kabir.verma263@example.com,9176829390
414,Vihaan,Das,25,Male,USA,Karnataka,Mumbai,Engineering,2149593,9,2015-09-29,4.72,vihaan.das414@example.com,9626902413
1405,Vivaan,Reddy,35,Female,India,Delhi,Lucknow,Engineering,2148965,17,2018-12-26,4.45,vivaan.reddy1405@example.com,8264828127
1799,Reyansh,Khan,44,Female,USA,Tamil Nadu,Mumbai,Finance,2148706,16,2019-11-17,4.1,reyansh.khan1799@example.com,8440995922
1347,Arjun,Nair,26,Female,Canada,Karnataka,Chennai,HR,2148421,10,2018-01-05,1.54,arjun.nair1347@example.com,8018446924
176,Vihaan,Khan,40,Female,UK,Karnataka,Mumbai,Finance,2146009,20,2019-11-21,1.21,vihaan.khan176@example.com,7595402749
1831,Krishna,Verma,59,Female,Australia,UP,Chennai,Engineering,2145645,7,2019-03-28,1.27,krishna.verma1831@example.com,9952004265
310,Ishaan,Khan,49,Female,USA,Karnataka,Mumbai,Finance,2145476,18,2018-03-25,2.18,ishaan.khan310@example.com,8672594522
809,Ishaan,Nair,43,Female,India,Karnataka,Mumbai,Finance,2144864,10,2015-08-14,2.87,ishaan.nair809@example.com,7041920450
1852,Aarav,Mehta,38,Male,Canada,Tamil Nadu,Chennai,Sales,2144051,6,2019-06-20,2.2,aarav.mehta1852@example.com,8584294089
1376,Aditya,Mehta,21,Male,India,Maharashtra,Hyderabad,Finance,2142682,6,2021-03-31,4.54,aditya.mehta1376@example.com,9389519902
1267,Ishaan,Singh,39,Male,Canada,Tamil Nadu,Delhi,Marketing,2142583,9,2016-09-27,4.34,ishaan.singh1267@example.com,8483638342
1965,Kabir,Sharma,58,Male,Canada,Tamil Nadu,Chennai,Finance,2140526,17,2017-08-18,4.97,kabir.sharma1965@example.com,9987696044
1043,Vihaan,Das,58,Male,Canada,UP,Delhi,Sales,2139563,2,2015-08-09,1.79,vihaan.das1043@example.com,9475134677
1878,Vihaan,Khan,59,Male,India,Maharashtra,Delhi,Marketing,2138942,7,2017-07-22,4.99,vihaan.khan1878@example.com,7435967330
937,Vihaan,Reddy,46,Male,USA,Delhi,Hyderabad,Marketing,2133439,16,2016-06-05,4.07,vihaan.reddy937@example.com,7530985710
969,Reyansh,Das,59,Male,UK,Maharashtra,Delhi,Operations,2132360,6,2018-10-17,4.26,reyansh.das969@example.com,8373691047
1556,Aarav,Patel,29,Male,India,Maharashtra,Hyderabad,Finance,2129933,0,2021-01-30,4.65,aarav.patel1556@example.com,7763058158
532,Krishna,Singh,57,Female,UK,Karnataka,Chennai,Engineering,2122548,3,2022-11-20,3.65,krishna.singh532@example.com,8400705275
1424,Ishaan,Singh,45,Male,USA,Delhi,Bangalore,Operations,2122166,10,2019-06-25,2.5,ishaan.singh1424@example.com,7992698645
1003,Arjun,Singh,21,Male,Canada,UP,Mumbai,Sales,2121814,0,2015-08-02,2.48,arjun.singh1003@example.com,8379045398
1317,Vivaan,Sharma,47,Male,Australia,Tamil Nadu,Chennai,HR,2121760,16,2019-09-01,1.51,vivaan.sharma1317@example.com,8332136920
759,Vihaan,Reddy,42,Female,UK,Delhi,Hyderabad,Finance,2121387,6,2022-12-21,3.55,vihaan.reddy759@example.com,8070850906
853,Arjun,Nair,37,Male,Canada,Delhi,Delhi,Engineering,2121100,18,2020-08-30,1.63,arjun.nair853@example.com,8871989198
1439,Aditya,Gupta,23,Female,India,Karnataka,Mumbai,Finance,2120669,3,2020-08-26,4.8,aditya.gupta1439@example.com,8680790192
1113,Krishna,Reddy,28,Female,Canada,Maharashtra,Hyderabad,Marketing,2120204,7,2015-11-03,4.62,krishna.reddy1113@example.com,9474875019
1625,Kabir,Mehta,54,Female,Canada,Maharashtra,Bangalore,Finance,2119178,19,2020-10-28,3.43,kabir.mehta1625@example.com,7812971208
1502,Sai,Sharma,44,Male,India,Karnataka,Lucknow,Finance,2113247,3,2020-06-13,3.69,sai.sharma1502@example.com,7403794765
601,Vihaan,Das,26,Male,India,Tamil Nadu,Delhi,Finance,2112837,8,2022-03-20,1.12,vihaan.das601@example.com,9815820080
1350,Sai,Singh,37,Male,India,Karnataka,Hyderabad,Finance,2112424,15,2019-12-08,3.47,sai.singh1350@example.com,9167129573
534,Arjun,Nair,59,Male,UK,Maharashtra,Hyderabad,Operations,2112210,14,2018-12-05,2.1,arjun.nair534@example.com,8171702320
104,Aditya,Sharma,40,Female,USA,UP,Lucknow,Sales,2111389,8,2023-09-17,4.29,aditya.sharma104@example.com,9899338160
1166,Kabir,Khan,54,Male,Australia,Tamil Nadu,Hyderabad,HR,2110373,15,2024-12-22,1.6,kabir.khan1166@example.com,7191741875
805,Sai,Gupta,57,Male,USA,Maharashtra,Hyderabad,Operations,2110180,1,2016-11-25,4.48,sai.gupta805@example.com,8286017792
88,Vivaan,Nair,41,Male,Canada,Maharashtra,Mumbai,Finance,2109214,15,2020-07-31,1.77,vivaan.nair88@example.com,9101987174
562,Vivaan,Patel,57,Male,India,Maharashtra,Hyderabad,Operations,2109005,10,2015-07-01,4.41,vivaan.patel562@example.com,9731849965
1771,Aarav,Singh,40,Male,Australia,Delhi,Delhi,Finance,2107259,19,2021-03-28,1.63,aarav.singh1771@example.com,7687753754
1176,Vihaan,Gupta,53,Male,India,Karnataka,Hyderabad,Sales,2103698,3,2020-07-24,2.52,vihaan.gupta1176@example.com,9286180922
357,Sai,Gupta,31,Male,UK,Delhi,Hyderabad,Operations,2103253,17,2024-08-12,4.64,sai.gupta357@example.com,9942921175
486,Krishna,Sharma,33,Male,USA,UP,Lucknow,Marketing,2102692,2,2021-05-23,2.05,krishna.sharma486@example.com,7920528055
431,Arjun,Gupta,50,Male,Canada,UP,Mumbai,Sales,2102233,8,2018-01-18,3.27,arjun.gupta431@example.com,8135842176
1109,Aditya,Mehta,30,Female,USA,Tamil Nadu,Lucknow,Operations,2102055,14,2021-02-10,1.19,aditya.mehta1109@example.com,8918317165
162,Reyansh,Reddy,55,Male,Canada,Delhi,Lucknow,Finance,2101720,14,2020-08-18,2.67,reyansh.reddy162@example.com,8734318836
572,Kabir,Gupta,24,Male,UK,Tamil Nadu,Lucknow,HR,2100607,3,2019-03-23,2.09,kabir.gupta572@example.com,7700604991
557,Vihaan,Singh,33,Female,UK,Tamil Nadu,Bangalore,Engineering,2100238,17,2020-02-04,3.38,vihaan.singh557@example.com,7838528699
1209,Reyansh,Singh,44,Male,USA,Karnataka,Delhi,Sales,2099173,0,2023-03-19,4.67,reyansh.singh1209@example.com,8696167989
1089,Vivaan,Sharma,37,Female,Australia,Tamil Nadu,Chennai,Marketing,2096925,20,2021-01-13,4.9,vivaan.sharma1089@example.com,9688576282
990,Sai,Reddy,46,Female,USA,Tamil Nadu,Bangalore,Sales,2096442,19,2018-06-01,2.75,sai.reddy990@example.com,9648972135
1952,Sai,Mehta,27,Male,UK,Karnataka,Bangalore,Operations,2093798,1,2020-06-02,2.65,sai.mehta1952@example.com,8507351217
379,Ishaan,Sharma,57,Male,Australia,Karnataka,Chennai,Engineering,2093659,0,2019-02-19,4.29,ishaan.sharma379@example.com,9529938043
1091,Reyansh,Gupta,24,Female,Australia,Delhi,Bangalore,Operations,2093651,3,2017-09-15,2.2,reyansh.gupta1091@example.com,8743060648
1436,Aditya,Verma,22,Female,India,UP,Hyderabad,Finance,2092986,9,2015-02-01,3.77,aditya.verma1436@example.com,7785743661
716,Vivaan,Singh,40,Male,Australia,UP,Chennai,Finance,2091401,13,2020-10-21,2.2,vivaan.singh716@example.com,7589791058
302,Sai,Das,33,Female,Australia,Maharashtra,Hyderabad,Marketing,2091118,1,2023-05-24,4.19,sai.das302@example.com,8244055003
123,Krishna,Singh,58,Male,Canada,Delhi,Mumbai,HR,2090174,3,2020-06-03,3.39,krishna.singh123@example.com,7559396458
144,Vivaan,Singh,35,Male,Canada,Delhi,Delhi,Finance,2088484,11,2016-01-03,2.5,vivaan.singh144@example.com,9658387583
1942,Ishaan,Verma,32,Male,USA,Karnataka,Delhi,Sales,2088283,17,2021-07-07,1.22,ishaan.verma1942@example.com,9406840678
1362,Krishna,Das,32,Female,Canada,UP,Mumbai,HR,2086203,17,2015-10-16,4.81,krishna.das1362@example.com,7010297848
332,Reyansh,Patel,29,Female,UK,Tamil Nadu,Bangalore,Finance,2082727,10,2020-12-13,2.53,reyansh.patel332@example.com,9992020505
1845,Krishna,Mehta,52,Male,Canada,UP,Delhi,Marketing,2082600,10,2022-06-04,2.41,krishna.mehta1845@example.com,8076504216
1597,Sai,Reddy,56,Female,UK,Tamil Nadu,Chennai,Engineering,2082163,12,2015-10-24,1.62,sai.reddy1597@example.com,8609770946
642,Krishna,Verma,23,Male,Australia,Tamil Nadu,Chennai,Finance,2079695,8,2015-10-03,2.06,krishna.verma642@example.com,7422070921
1798,Kabir,Sharma,35,Male,Canada,Tamil Nadu,Chennai,Engineering,2079045,6,2018-11-11,4.22,kabir.sharma1798@example.com,8551691792
860,Ishaan,Reddy,53,Female,Australia,UP,Lucknow,Operations,2077841,4,2017-03-20,3.11,ishaan.reddy860@example.com,9789873171
453,Kabir,Verma,47,Female,Canada,Tamil Nadu,Chennai,Finance,2076009,17,2020-11-09,2.68,kabir.verma453@example.com,9297862664
1357,Arjun,Singh,51,Male,Canada,Karnataka,Lucknow,Operations,2075849,16,2023-06-27,1.53,arjun.singh1357@example.com,7301119087
27,Aditya,Reddy,48,Male,Australia,Karnataka,Chennai,Marketing,2075714,16,2019-01-16,4.13,aditya.reddy27@example.com,7976407841
1782,Krishna,Verma,35,Female,Canada,UP,Delhi,Sales,2075658,0,2017-12-05,4.02,krishna.verma1782@example.com,7657329095
1304,Arjun,Sharma,55,Male,Canada,UP,Delhi,Marketing,2075398,16,2018-09-07,2.22,arjun.sharma1304@example.com,8802737449
166,Vivaan,Patel,47,Male,Canada,Karnataka,Chennai,HR,2072731,7,2021-11-29,3.95,vivaan.patel166@example.com,7693887736
837,Kabir,Khan,49,Male,UK,Karnataka,Mumbai,Operations,2071729,8,2022-11-19,2.74,kabir.khan837@example.com,7473818141
418,Sai,Khan,45,Male,USA,UP,Mumbai,Operations,2070615,5,2021-01-19,2.25,sai.khan418@example.com,8362986265
1101,Aditya,Nair,54,Male,UK,Maharashtra,Bangalore,Sales,2067950,2,2022-08-29,3.48,aditya.nair1101@example.com,7251690532
627,Vihaan,Reddy,60,Male,USA,Maharashtra,Delhi,Finance,2061718,13,2018-04-22,4.28,vihaan.reddy627@example.com,9417642748
1327,Aditya,Khan,45,Female,Australia,Tamil Nadu,Lucknow,Finance,2060361,3,2019-03-06,4.37,aditya.khan1327@example.com,9334998596
736,Reyansh,Reddy,35,Male,UK,Karnataka,Chennai,Marketing,2058631,17,2015-12-03,1.1,reyansh.reddy736@example.com,8730984501
868,Krishna,Patel,29,Male,Canada,UP,Bangalore,Engineering,2058332,18,2022-09-10,4.13,krishna.patel868@example.com,7431290507
165,Sai,Mehta,58,Female,India,Maharashtra,Delhi,Marketing,2058316,0,2021-12-12,1.92,sai.mehta165@example.com,7351920001
1915,Arjun,Nair,33,Female,Canada,UP,Lucknow,Sales,2057925,19,2021-10-24,1.11,arjun.nair1915@example.com,9474889968
34,Arjun,Das,26,Male,UK,Delhi,Hyderabad,Sales,2056791,11,2020-01-15,3.37,arjun.das34@example.com,8750930024
389,Ishaan,Reddy,26,Male,Canada,Karnataka,Bangalore,Sales,2056786,17,2015-11-06,3.78,ishaan.reddy389@example.com,8580825814
877,Ishaan,Sharma,51,Male,Canada,Maharashtra,Bangalore,Finance,2056579,16,2017-05-26,4.46,ishaan.sharma877@example.com,9991485645
770,Aarav,Reddy,25,Female,UK,UP,Delhi,Marketing,2055666,19,2018-01-12,4.94,aarav.reddy770@example.com,9312901144
1006,Arjun,Patel,58,Female,Australia,Delhi,Bangalore,Engineering,2054299,5,2023-02-13,2.24,arjun.patel1006@example.com,9803583904
1336,Sai,Mehta,29,Male,Canada,Maharashtra,Lucknow,Marketing,2053631,11,2024-09-02,4.66,sai.mehta1336@example.com,8819054124
1249,Vivaan,Singh,40,Female,India,Tamil Nadu,Lucknow,Operations,2053051,1,2021-05-14,3.05,vivaan.singh1249@example.com,8953600846
1100,Kabir,Reddy,32,Female,Australia,Delhi,Mumbai,Sales,2049544,15,2015-01-09,4.47,kabir.reddy1100@example.com,9452964906
268,Ishaan,Gupta,44,Male,USA,Tamil Nadu,Chennai,Marketing,2046723,14,2024-08-13,3.21,ishaan.gupta268@example.com,9064093305
1591,Krishna,Mehta,42,Male,Canada,Maharashtra,Hyderabad,HR,2045276,13,2023-05-01,4.85,krishna.mehta1591@example.com,8747906169
663,Aditya,Khan,59,Male,Australia,UP,Bangalore,Marketing,2045059,18,2016-01-20,2.8,aditya.khan663@example.com,7713406708
1742,Arjun,Reddy,22,Female,UK,Delhi,Delhi,Engineering,2044760,20,2015-06-28,4.91,arjun.reddy1742@example.com,8571222065
1420,Sai,Gupta,38,Male,USA,Karnataka,Delhi,Engineering,2044642,3,2015-10-25,3,sai.gupta1420@example.com,9149244702
1642,Kabir,Das,51,Male,Australia,Maharashtra,Mumbai,Operations,2042714,20,2018-10-01,1.76,kabir.das1642@example.com,9254719551
959,Vihaan,Singh,31,Female,Canada,Tamil Nadu,Bangalore,Sales,2041879,6,2021-06-03,2.76,vihaan.singh959@example.com,8394819058
704,Vihaan,Das,23,Female,USA,Tamil Nadu,Hyderabad,Finance,2041522,0,2023-08-28,1.9,vihaan.das704@example.com,9854293077
330,Aarav,Sharma,51,Female,UK,UP,Hyderabad,HR,2041165,12,2015-02-20,4.74,aarav.sharma330@example.com,8935427387
31,Vihaan,Reddy,36,Male,Australia,UP,Mumbai,Operations,2041089,2,2016-02-23,1.34,vihaan.reddy31@example.com,8082249625
370,Aditya,Verma,49,Female,Canada,UP,Mumbai,Sales,2040135,15,2021-03-09,1.89,aditya.verma370@example.com,7997290476
1881,Aditya,Verma,54,Female,USA,Maharashtra,Chennai,Sales,2038427,13,2016-01-11,1.36,aditya.verma1881@example.com,9335873403
89,Ishaan,Verma,41,Male,India,UP,Lucknow,Engineering,2037932,7,2019-08-17,1.26,ishaan.verma89@example.com,7446038605
26,Vihaan,Nair,27,Male,India,Delhi,Bangalore,Marketing,2034311,0,2019-09-05,2.81,vihaan.nair26@example.com,7266532354
856,Vivaan,Verma,45,Male,Canada,Tamil Nadu,Hyderabad,Finance,2033814,17,2019-11-29,3.29,vivaan.verma856@example.com,9982561951
155,Reyansh,Verma,51,Male,USA,Maharashtra,Lucknow,Sales,2032571,6,2020-07-24,4.66,reyansh.verma155@example.com,8115039328
1407,Arjun,Das,39,Male,Canada,UP,Lucknow,Operations,2032408,5,2024-06-29,2.13,arjun.das1407@example.com,9850092357
1579,Arjun,Patel,38,Female,Canada,Maharashtra,Mumbai,Sales,2031756,14,2018-09-27,1.51,arjun.patel1579@example.com,7945478894
490,Arjun,Patel,36,Male,Canada,Karnataka,Chennai,HR,2031725,3,2020-07-29,3.66,arjun.patel490@example.com,9612725324
1171,Reyansh,Khan,34,Male,UK,Tamil Nadu,Mumbai,Sales,2030513,2,2021-02-17,4.93,reyansh.khan1171@example.com,8296992703
75,Kabir,Nair,53,Female,India,UP,Lucknow,Marketing,2030169,11,2024-05-10,4.81,kabir.nair75@example.com,9811587080
1306,Vivaan,Singh,56,Female,Australia,Karnataka,Chennai,Sales,2028441,13,2015-12-28,1.35,vivaan.singh1306@example.com,9001913554
1093,Reyansh,Verma,53,Male,Canada,Delhi,Bangalore,Operations,2027808,4,2015-12-05,4.66,reyansh.verma1093@example.com,7088130782
1335,Reyansh,Khan,57,Male,Canada,UP,Chennai,HR,2027049,13,2019-01-27,1.49,reyansh.khan1335@example.com,8160885857
1283,Vihaan,Mehta,25,Female,UK,Tamil Nadu,Mumbai,Engineering,2022503,7,2018-07-19,3.43,vihaan.mehta1283@example.com,9239236574
812,Reyansh,Mehta,60,Male,Canada,Maharashtra,Lucknow,HR,2020071,11,2024-03-08,1.64,reyansh.mehta812@example.com,9719434763
558,Sai,Nair,43,Female,UK,Karnataka,Bangalore,Sales,2019358,16,2015-04-18,2.49,sai.nair558@example.com,8158018223
227,Vihaan,Das,41,Female,Canada,UP,Hyderabad,Engineering,2018790,15,2023-06-29,4.48,vihaan.das227@example.com,9611874752
778,Vivaan,Sharma,50,Female,USA,Karnataka,Hyderabad,Sales,2016862,7,2019-11-12,1.64,vivaan.sharma778@example.com,8510933538
857,Aarav,Khan,25,Female,UK,Tamil Nadu,Chennai,Operations,2016263,8,2024-10-07,1.6,aarav.khan857@example.com,7260460731
175,Krishna,Nair,57,Female,India,Maharashtra,Delhi,Engineering,2015562,11,2016-12-31,3.24,krishna.nair175@example.com,8851767160
50,Aarav,Reddy,43,Male,USA,Tamil Nadu,Delhi,Engineering,2013925,8,2015-08-18,4.84,aarav.reddy50@example.com,9019966892
1200,Aditya,Singh,53,Male,Australia,Maharashtra,Bangalore,HR,2013311,14,2018-12-20,3.72,aditya.singh1200@example.com,9613582797
1194,Reyansh,Sharma,37,Female,Canada,Delhi,Mumbai,Finance,2010916,11,2020-04-07,2.41,reyansh.sharma1194@example.com,8910206706
580,Ishaan,Khan,45,Female,USA,Karnataka,Bangalore,Sales,2009342,7,2017-06-11,3.15,ishaan.khan580@example.com,8971758523
541,Aditya,Singh,51,Female,Australia,Karnataka,Bangalore,Operations,2009099,10,2022-02-09,3.81,aditya.singh541@example.com,9369511317
954,Aditya,Singh,40,Male,USA,Maharashtra,Hyderabad,Sales,2008253,19,2020-01-17,4.64,aditya.singh954@example.com,9066447200
1096,Ishaan,Das,35,Female,India,Karnataka,Hyderabad,Finance,2008201,12,2015-02-20,3.73,ishaan.das1096@example.com,9367018982
308,Sai,Verma,60,Female,Canada,Delhi,Bangalore,Sales,2007342,1,2016-07-10,4.83,sai.verma308@example.com,7253732293
512,Aarav,Gupta,27,Female,USA,Maharashtra,Chennai,HR,2004316,5,2019-11-09,4.23,aarav.gupta512@example.com,7453646348
208,Ishaan,Sharma,53,Female,Australia,Karnataka,Lucknow,Finance,2002443,9,2021-06-09,1.94,ishaan.sharma208@example.com,9624775281
1707,Krishna,Mehta,43,Male,India,Tamil Nadu,Bangalore,Operations,2002367,18,2019-01-18,4.32,krishna.mehta1707@example.com,8565788810
1451,Vivaan,Khan,24,Male,USA,Maharashtra,Chennai,Operations,2001102,11,2017-07-07,4.87,vivaan.khan1451@example.com,8614117217
1553,Reyansh,Verma,59,Female,USA,Karnataka,Bangalore,Marketing,2000202,9,2018-12-10,2.66,reyansh.verma1553@example.com,7363110581
117,Vivaan,Patel,52,Male,India,Karnataka,Bangalore,Sales,1999174,8,2017-01-11,2.5,vivaan.patel117@example.com,8339866933
1949,Aarav,Mehta,35,Male,UK,Tamil Nadu,Hyderabad,Marketing,1999126,14,2022-09-25,3,aarav.mehta1949@example.com,9194591958
971,Reyansh,Gupta,36,Male,India,Tamil Nadu,Lucknow,Marketing,1999032,11,2017-10-18,4.22,reyansh.gupta971@example.com,9781429349
1481,Aditya,Patel,34,Male,Australia,Karnataka,Chennai,HR,1998974,8,2017-07-30,1.44,aditya.patel1481@example.com,8951463294
296,Krishna,Sharma,55,Female,UK,Karnataka,Chennai,Operations,1998269,9,2021-04-04,2.67,krishna.sharma296@example.com,9949835387
84,Arjun,Sharma,55,Female,Canada,Delhi,Lucknow,HR,1995721,3,2018-01-09,3.02,arjun.sharma84@example.com,7148453509
1623,Aarav,Verma,37,Female,India,Karnataka,Bangalore,Operations,1995588,12,2019-04-01,3.23,aarav.verma1623@example.com,9581227138
451,Sai,Nair,40,Female,Canada,Delhi,Hyderabad,Marketing,1992902,15,2020-09-19,4.35,sai.nair451@example.com,9037393558
826,Vivaan,Verma,32,Male,USA,Delhi,Bangalore,Finance,1991611,4,2024-04-18,1.29,vivaan.verma826@example.com,9064638772
312,Vivaan,Das,50,Female,Australia,Tamil Nadu,Bangalore,Operations,1988164,1,2022-02-16,4.04,vivaan.das312@example.com,7744425336
359,Reyansh,Reddy,34,Male,USA,Maharashtra,Mumbai,Marketing,1986779,8,2016-06-06,4.27,reyansh.reddy359@example.com,9914327726
843,Vivaan,Nair,21,Male,Canada,UP,Hyderabad,Marketing,1986652,12,2019-11-15,4.39,vivaan.nair843@example.com,8346682581
1891,Arjun,Khan,21,Female,Canada,UP,Bangalore,HR,1986113,18,2020-11-12,3.85,arjun.khan1891@example.com,8001834319
1620,Aditya,Gupta,60,Male,UK,Tamil Nadu,Lucknow,Operations,1985713,6,2022-12-26,2.99,aditya.gupta1620@example.com,9177616789
49,Vivaan,Das,55,Female,India,Karnataka,Hyderabad,HR,1985655,20,2024-01-23,1.72,vivaan.das49@example.com,9382660957
172,Sai,Mehta,56,Male,USA,UP,Bangalore,Engineering,1981463,6,2024-10-25,3.7,sai.mehta172@example.com,7426786642
283,Vivaan,Gupta,21,Male,Canada,Maharashtra,Lucknow,Sales,1980390,9,2015-10-31,4.66,vivaan.gupta283@example.com,7471339322
74,Vihaan,Khan,29,Male,Canada,Delhi,Delhi,Sales,1979787,4,2019-07-21,3.76,vihaan.khan74@example.com,8878191120
76,Sai,Patel,41,Male,USA,Maharashtra,Mumbai,HR,1979690,10,2024-03-02,2.14,sai.patel76@example.com,7112708009
536,Krishna,Gupta,51,Female,Australia,Tamil Nadu,Lucknow,Marketing,1978843,1,2020-09-29,4.58,krishna.gupta536@example.com,9088917894
317,Vihaan,Gupta,57,Male,UK,Maharashtra,Mumbai,Sales,1978838,16,2019-08-02,1.04,vihaan.gupta317@example.com,9173753029
785,Vivaan,Patel,44,Male,USA,Delhi,Delhi,Sales,1978108,14,2017-11-26,1.03,vivaan.patel785@example.com,7800367877
707,Vihaan,Singh,59,Male,Canada,Tamil Nadu,Bangalore,Engineering,1976427,2,2017-02-28,3.22,vihaan.singh707@example.com,7641098675
1894,Reyansh,Singh,26,Female,Australia,Maharashtra,Hyderabad,Marketing,1976293,2,2019-08-04,3.87,reyansh.singh1894@example.com,8061309669
1417,Vihaan,Sharma,34,Female,Canada,Tamil Nadu,Bangalore,Finance,1975724,19,2016-10-26,1.77,vihaan.sharma1417@example.com,8242042014
979,Kabir,Singh,37,Female,UK,Maharashtra,Hyderabad,Marketing,1975400,7,2021-04-20,3,kabir.singh979@example.com,8100310544
762,Arjun,Verma,34,Female,UK,Karnataka,Chennai,Operations,1975310,19,2021-09-26,4.07,arjun.verma762@example.com,9017925777
1486,Aditya,Nair,52,Male,India,Delhi,Delhi,Engineering,1974839,3,2015-01-29,1.26,aditya.nair1486@example.com,8827364726
955,Reyansh,Gupta,51,Male,India,Tamil Nadu,Bangalore,Engineering,1973440,12,2017-05-04,3.34,reyansh.gupta955@example.com,9595734848
1248,Ishaan,Das,45,Male,UK,Karnataka,Mumbai,Operations,1973248,15,2021-04-12,4.27,ishaan.das1248@example.com,9382414202
584,Sai,Sharma,46,Male,UK,Delhi,Delhi,Sales,1973145,8,2020-03-05,2.34,sai.sharma584@example.com,9233304177
1924,Kabir,Singh,41,Male,Canada,Tamil Nadu,Bangalore,HR,1973031,1,2020-04-15,4.45,kabir.singh1924@example.com,8632147784
503,Kabir,Singh,31,Male,UK,UP,Mumbai,Sales,1972435,3,2022-04-13,1.87,kabir.singh503@example.com,8875838351
1088,Reyansh,Sharma,55,Male,Canada,Maharashtra,Delhi,Finance,1972088,17,2016-08-05,3.96,reyansh.sharma1088@example.com,8554645177
1678,Krishna,Khan,49,Male,Canada,UP,Mumbai,HR,1970938,16,2018-12-28,4.67,krishna.khan1678@example.com,7661704140
1945,Kabir,Reddy,44,Male,USA,UP,Lucknow,Marketing,1969973,2,2020-10-17,2.34,kabir.reddy1945@example.com,7309055434
1744,Arjun,Mehta,22,Male,India,Tamil Nadu,Hyderabad,Marketing,1968854,17,2015-08-03,1.93,arjun.mehta1744@example.com,9310523193
333,Ishaan,Singh,54,Female,Australia,Maharashtra,Chennai,Operations,1968231,11,2024-06-27,1.17,ishaan.singh333@example.com,7126321954
1022,Krishna,Das,53,Female,USA,Maharashtra,Lucknow,Sales,1968102,4,2019-04-18,3,krishna.das1022@example.com,8162420831
1009,Reyansh,Khan,43,Male,Canada,Tamil Nadu,Chennai,Marketing,1965276,7,2022-10-01,2.37,reyansh.khan1009@example.com,9519936383
1552,Arjun,Singh,42,Female,India,Tamil Nadu,Bangalore,Sales,1963109,3,2024-02-07,2.8,arjun.singh1552@example.com,9123625793
1020,Kabir,Patel,54,Female,USA,UP,Delhi,Marketing,1962929,12,2019-08-03,4.01,kabir.patel1020@example.com,9050362345
579,Vihaan,Singh,24,Female,UK,Delhi,Lucknow,Finance,1960757,2,2022-07-15,3.69,vihaan.singh579@example.com,9134958119
1098,Vivaan,Patel,53,Female,Australia,UP,Delhi,Finance,1957924,7,2016-11-02,4.82,vivaan.patel1098@example.com,8721420937
687,Krishna,Mehta,23,Female,India,Delhi,Mumbai,Finance,1957691,8,2023-12-19,2.39,krishna.mehta687@example.com,8656444632
1525,Reyansh,Khan,52,Male,India,Delhi,Delhi,Operations,1953628,8,2021-02-10,4.68,reyansh.khan1525@example.com,8789843551
1294,Ishaan,Gupta,37,Male,Australia,UP,Bangalore,HR,1952518,18,2015-08-11,1.11,ishaan.gupta1294@example.com,8188218898
1847,Aditya,Mehta,50,Male,Canada,Maharashtra,Mumbai,Marketing,1951718,18,2023-10-23,3.97,aditya.mehta1847@example.com,8808585730
1504,Kabir,Verma,55,Female,Canada,Maharashtra,Delhi,HR,1950028,14,2016-11-30,4.13,kabir.verma1504@example.com,7632379017
615,Kabir,Verma,44,Male,USA,Delhi,Lucknow,Finance,1949326,14,2016-08-22,4.24,kabir.verma615@example.com,9584016407
180,Kabir,Singh,28,Male,USA,UP,Mumbai,Sales,1947061,4,2019-01-15,2.44,kabir.singh180@example.com,9614373451
132,Krishna,Gupta,21,Female,USA,Karnataka,Chennai,Marketing,1944259,16,2023-03-18,1.64,krishna.gupta132@example.com,7986034804
112,Arjun,Patel,52,Male,Australia,UP,Hyderabad,Operations,1943718,10,2019-11-28,4.97,arjun.patel112@example.com,9130473875
901,Kabir,Khan,55,Male,Canada,UP,Bangalore,Marketing,1943581,17,2019-04-24,4.32,kabir.khan901@example.com,7564354218
1036,Krishna,Verma,37,Male,UK,Karnataka,Hyderabad,Engineering,1942879,10,2021-08-14,1.89,krishna.verma1036@example.com,9411254244
1165,Sai,Singh,32,Female,Australia,Maharashtra,Bangalore,Marketing,1939992,5,2023-01-05,4.09,sai.singh1165@example.com,8789218482
1638,Ishaan,Patel,42,Male,India,Tamil Nadu,Mumbai,Sales,1939385,19,2019-10-07,4.6,ishaan.patel1638@example.com,8453290171
1303,Aditya,Patel,36,Male,Canada,Karnataka,Mumbai,Operations,1938794,0,2020-04-25,2.52,aditya.patel1303@example.com,9932366870
16,Kabir,Verma,54,Female,UK,Karnataka,Lucknow,Operations,1937551,14,2023-02-09,3.32,kabir.verma16@example.com,9554080124
1545,Kabir,Mehta,58,Male,Canada,Maharashtra,Mumbai,Sales,1937521,18,2023-03-13,4.59,kabir.mehta1545@example.com,7898417392
1661,Aditya,Verma,54,Female,Australia,Karnataka,Mumbai,Engineering,1937221,7,2015-09-05,2.55,aditya.verma1661@example.com,7816158133
7,Vihaan,Nair,29,Female,Australia,Karnataka,Delhi,Operations,1936550,8,2018-08-29,4.79,vihaan.nair7@example.com,9144057191
948,Krishna,Verma,27,Male,USA,Maharashtra,Delhi,HR,1935787,11,2023-06-23,3.93,krishna.verma948@example.com,8198503753
1885,Krishna,Singh,23,Male,UK,Delhi,Hyderabad,Sales,1933551,5,2024-06-02,3.39,krishna.singh1885@example.com,7751208903
1467,Reyansh,Reddy,48,Male,Australia,UP,Hyderabad,Operations,1931020,15,2021-07-19,4.19,reyansh.reddy1467@example.com,8846858354
1512,Aditya,Patel,36,Male,Canada,Karnataka,Bangalore,Finance,1930121,9,2017-02-15,2.28,aditya.patel1512@example.com,9257200385
821,Kabir,Gupta,32,Female,Australia,UP,Mumbai,Sales,1925514,12,2022-08-20,3.19,kabir.gupta821@example.com,9969594731
1869,Vivaan,Patel,47,Female,USA,Delhi,Lucknow,Operations,1925449,17,2015-09-18,4.67,vivaan.patel1869@example.com,8446818145
873,Vivaan,Gupta,28,Female,USA,Tamil Nadu,Mumbai,Operations,1924713,11,2017-06-08,2.68,vivaan.gupta873@example.com,9147226395
1459,Vivaan,Singh,56,Female,India,Delhi,Bangalore,Sales,1922588,12,2016-06-11,2.69,vivaan.singh1459@example.com,7592925627
1871,Sai,Sharma,28,Male,India,UP,Delhi,Engineering,1921647,3,2018-01-30,3.37,sai.sharma1871@example.com,7756021224
1142,Reyansh,Nair,30,Female,Australia,Maharashtra,Delhi,Finance,1920745,3,2017-04-13,3.29,reyansh.nair1142@example.com,9087361128
437,Krishna,Gupta,59,Female,UK,Karnataka,Hyderabad,Sales,1920044,10,2022-01-28,2.59,krishna.gupta437@example.com,7291860588
1010,Sai,Patel,30,Female,India,Delhi,Bangalore,Sales,1918383,20,2022-10-13,2.38,sai.patel1010@example.com,8094246088
1987,Vihaan,Nair,43,Male,UK,Karnataka,Lucknow,Engineering,1918126,13,2022-09-29,2.34,vihaan.nair1987@example.com,8659648890
1144,Vihaan,Sharma,23,Male,Australia,Karnataka,Delhi,Engineering,1916544,16,2021-05-03,4.63,vihaan.sharma1144@example.com,9072015838
1501,Sai,Singh,24,Male,UK,UP,Delhi,Engineering,1916412,3,2015-04-09,1.65,sai.singh1501@example.com,8917113155
1745,Aarav,Verma,21,Male,Canada,Maharashtra,Delhi,Marketing,1915706,2,2017-02-20,4.07,aarav.verma1745@example.com,8209015074
1627,Sai,Patel,36,Male,USA,Maharashtra,Lucknow,Engineering,1912443,14,2016-07-13,1.21,sai.patel1627@example.com,7478732841
1734,Vihaan,Gupta,57,Male,USA,Maharashtra,Bangalore,Marketing,1912385,6,2023-10-12,1.69,vihaan.gupta1734@example.com,8914092665
548,Krishna,Reddy,44,Male,Canada,Karnataka,Bangalore,Operations,1911274,4,2018-06-04,1.33,krishna.reddy548@example.com,9938311245
1767,Aditya,Gupta,56,Male,India,Maharashtra,Chennai,Marketing,1910092,20,2021-03-10,2.97,aditya.gupta1767@example.com,7534937993
90,Ishaan,Das,41,Female,Australia,Karnataka,Bangalore,Finance,1908055,0,2018-09-24,2,ishaan.das90@example.com,7305202581
495,Arjun,Das,38,Female,USA,Delhi,Lucknow,Operations,1907907,14,2020-02-07,4.69,arjun.das495@example.com,8733500231
1262,Arjun,Reddy,22,Female,UK,UP,Mumbai,Marketing,1907553,14,2017-11-27,3.05,arjun.reddy1262@example.com,8369725311
1270,Vihaan,Das,60,Male,UK,Maharashtra,Chennai,Finance,1905821,15,2021-07-03,3.3,vihaan.das1270@example.com,7528643675
912,Sai,Verma,52,Male,UK,Delhi,Bangalore,Engineering,1905162,11,2015-05-23,3.25,sai.verma912@example.com,8603733551
1635,Arjun,Das,38,Male,UK,UP,Chennai,Marketing,1903093,0,2020-11-19,1.87,arjun.das1635@example.com,8258824565
1382,Reyansh,Khan,57,Female,Australia,Delhi,Lucknow,Operations,1902627,7,2020-07-05,4.61,reyansh.khan1382@example.com,9189211741
1183,Arjun,Singh,47,Male,India,Karnataka,Delhi,Sales,1901951,15,2016-11-06,1.41,arjun.singh1183@example.com,9268527196
1993,Reyansh,Verma,51,Female,Australia,UP,Lucknow,Operations,1901399,10,2017-10-26,2.92,reyansh.verma1993@example.com,8324296064
1723,Aditya,Sharma,25,Male,Australia,Maharashtra,Hyderabad,HR,1899273,1,2015-01-16,3.62,aditya.sharma1723@example.com,9521085615
242,Aarav,Sharma,27,Male,USA,Maharashtra,Hyderabad,Engineering,1898874,19,2018-08-26,2.79,aarav.sharma242@example.com,7680555596
1754,Vivaan,Verma,32,Male,USA,UP,Bangalore,Operations,1898435,8,2019-05-25,4.14,vivaan.verma1754@example.com,9975863298
1775,Ishaan,Mehta,53,Female,India,Tamil Nadu,Lucknow,Operations,1898206,14,2018-03-14,3.48,ishaan.mehta1775@example.com,8309576010
1348,Kabir,Singh,32,Male,UK,Karnataka,Hyderabad,Engineering,1897206,9,2022-01-26,1.75,kabir.singh1348@example.com,7897863483
1530,Ishaan,Patel,33,Female,USA,Tamil Nadu,Chennai,Engineering,1896717,0,2015-01-26,4.86,ishaan.patel1530@example.com,9874164651
1918,Aditya,Verma,57,Male,USA,Karnataka,Mumbai,HR,1895892,10,2015-11-22,4.21,aditya.verma1918@example.com,9731635263
1330,Vivaan,Gupta,44,Female,Canada,Delhi,Mumbai,HR,1895838,7,2017-07-14,1.03,vivaan.gupta1330@example.com,9566195633
355,Aarav,Sharma,35,Male,Canada,Maharashtra,Lucknow,Marketing,1893563,2,2018-06-13,4.52,aarav.sharma355@example.com,7837722279
1865,Kabir,Patel,55,Male,Canada,UP,Hyderabad,Finance,1893042,7,2018-05-28,3.84,kabir.patel1865@example.com,8544276144
504,Krishna,Gupta,56,Male,UK,UP,Chennai,Operations,1890474,20,2021-03-23,4.63,krishna.gupta504@example.com,7820452189
983,Vivaan,Verma,22,Male,Canada,UP,Mumbai,Finance,1889921,18,2020-01-20,3.94,vivaan.verma983@example.com,7107359657
1337,Arjun,Singh,24,Male,India,Delhi,Chennai,Sales,1889375,9,2019-04-24,2.39,arjun.singh1337@example.com,9217677347
1699,Aarav,Das,23,Female,Australia,Karnataka,Hyderabad,Operations,1889199,12,2015-11-15,3.01,aarav.das1699@example.com,9346778979
1446,Kabir,Khan,47,Female,Canada,Karnataka,Hyderabad,Engineering,1888678,12,2021-06-11,3.55,kabir.khan1446@example.com,8720591750
1636,Vivaan,Gupta,55,Male,Canada,Karnataka,Mumbai,Sales,1887713,17,2019-02-06,4.62,vivaan.gupta1636@example.com,8961928659
77,Vihaan,Nair,41,Male,UK,Delhi,Chennai,Marketing,1887516,20,2016-08-12,1.81,vihaan.nair77@example.com,8897526122
14,Kabir,Singh,49,Male,India,Delhi,Delhi,Engineering,1887488,20,2017-06-11,4.05,kabir.singh14@example.com,7539184019
1067,Sai,Sharma,36,Male,India,UP,Mumbai,Sales,1885597,12,2015-09-03,3.83,sai.sharma1067@example.com,8950265012
614,Kabir,Reddy,27,Female,Canada,Delhi,Bangalore,HR,1885477,18,2021-08-17,4.42,kabir.reddy614@example.com,7063625258
1281,Ishaan,Sharma,40,Female,India,Karnataka,Bangalore,Sales,1885161,4,2021-08-29,4.92,ishaan.sharma1281@example.com,9394758816
1434,Vivaan,Verma,27,Female,USA,UP,Chennai,Engineering,1884550,13,2019-11-13,3.43,vivaan.verma1434@example.com,9867019919
1906,Kabir,Patel,28,Female,India,Karnataka,Hyderabad,Marketing,1880226,2,2016-03-11,2.02,kabir.patel1906@example.com,8326938361
751,Reyansh,Patel,30,Female,India,Delhi,Bangalore,Marketing,1878654,18,2015-02-12,2.94,reyansh.patel751@example.com,9252504429
1645,Sai,Singh,34,Female,India,Maharashtra,Delhi,HR,1877988,20,2023-07-04,2.75,sai.singh1645@example.com,7257258775
1943,Kabir,Sharma,34,Female,Australia,Tamil Nadu,Bangalore,Operations,1876875,5,2017-12-31,1.04,kabir.sharma1943@example.com,7842749082
554,Aarav,Mehta,25,Female,Australia,Karnataka,Mumbai,Engineering,1873875,20,2016-06-13,3.19,aarav.mehta554@example.com,9857625481
1076,Arjun,Singh,47,Male,India,Karnataka,Hyderabad,Operations,1872300,4,2023-03-25,4.6,arjun.singh1076@example.com,8026301220
424,Vivaan,Mehta,45,Male,UK,Karnataka,Lucknow,Operations,1870966,3,2016-03-27,1.62,vivaan.mehta424@example.com,8707062621
1158,Sai,Mehta,52,Male,Australia,Tamil Nadu,Delhi,HR,1870165,3,2022-03-18,1.72,sai.mehta1158@example.com,9342269754
788,Aditya,Sharma,43,Female,Australia,Delhi,Hyderabad,HR,1869233,1,2020-10-26,4.93,aditya.sharma788@example.com,9562128168
1944,Aditya,Gupta,24,Male,Australia,Tamil Nadu,Chennai,HR,1868061,5,2017-10-20,2.66,aditya.gupta1944@example.com,9733454674
1966,Vihaan,Sharma,40,Male,Canada,Maharashtra,Lucknow,Finance,1867780,16,2016-02-02,2.17,vihaan.sharma1966@example.com,8497381680
1834,Krishna,Singh,24,Female,USA,Karnataka,Hyderabad,Engineering,1867529,11,2015-03-05,4.12,krishna.singh1834@example.com,8713230416
968,Aditya,Sharma,51,Male,India,Karnataka,Mumbai,HR,1865587,7,2024-05-04,4.12,aditya.sharma968@example.com,8410094594
1377,Aditya,Mehta,39,Male,Australia,Delhi,Lucknow,Engineering,1865128,16,2018-06-09,1.34,aditya.mehta1377@example.com,7115157923
442,Aditya,Mehta,29,Female,Australia,Delhi,Delhi,Engineering,1864368,8,2022-12-28,2.91,aditya.mehta442@example.com,9591788832
1216,Vihaan,Reddy,52,Female,UK,Delhi,Mumbai,Operations,1863847,7,2024-06-26,1.61,vihaan.reddy1216@example.com,7830837528
638,Aditya,Das,47,Female,UK,Maharashtra,Delhi,HR,1863576,9,2016-08-02,2.1,aditya.das638@example.com,8147505382
1147,Krishna,Sharma,50,Female,UK,Delhi,Delhi,Marketing,1863015,9,2021-02-28,4.05,krishna.sharma1147@example.com,9151478355
116,Vihaan,Sharma,56,Male,UK,Maharashtra,Hyderabad,Engineering,1862445,9,2016-12-17,2.67,vihaan.sharma116@example.com,8045397305
885,Ishaan,Patel,58,Male,UK,Tamil Nadu,Chennai,Sales,1861952,18,2017-01-05,2.87,ishaan.patel885@example.com,8255348872
1418,Ishaan,Gupta,57,Female,UK,UP,Delhi,Finance,1861369,5,2023-08-24,3.12,ishaan.gupta1418@example.com,8384028999
1892,Reyansh,Verma,43,Male,USA,Maharashtra,Mumbai,Sales,1861236,11,2021-09-26,1.31,reyansh.verma1892@example.com,7034193392
455,Aarav,Das,44,Male,India,UP,Lucknow,Marketing,1860883,5,2016-09-20,4.6,aarav.das455@example.com,9385503764
698,Aarav,Sharma,27,Female,India,Delhi,Hyderabad,Sales,1859791,4,2017-10-29,4.57,aarav.sharma698@example.com,8522211409
848,Ishaan,Das,59,Male,India,Karnataka,Chennai,Sales,1859245,12,2016-12-11,2.74,ishaan.das848@example.com,7673930244
1386,Reyansh,Gupta,37,Male,Canada,Maharashtra,Hyderabad,Sales,1856102,17,2016-05-17,2.59,reyansh.gupta1386@example.com,9973032170
903,Kabir,Patel,55,Female,India,Maharashtra,Delhi,Finance,1854589,16,2017-07-02,1.81,kabir.patel903@example.com,8634996939
863,Sai,Das,47,Female,USA,Karnataka,Chennai,Finance,1854136,18,2022-01-05,2.85,sai.das863@example.com,8215141114
300,Kabir,Khan,26,Male,UK,Delhi,Hyderabad,Engineering,1853521,20,2020-12-10,1.36,kabir.khan300@example.com,9511699381
181,Sai,Verma,47,Male,Canada,Tamil Nadu,Delhi,Marketing,1852735,6,2020-02-06,2.04,sai.verma181@example.com,9626201862
1442,Ishaan,Gupta,37,Female,India,UP,Delhi,Marketing,1851490,16,2020-12-28,2.4,ishaan.gupta1442@example.com,7263857914
700,Ishaan,Verma,25,Female,Canada,UP,Lucknow,Operations,1851028,18,2018-12-12,1.78,ishaan.verma700@example.com,8301884664
671,Krishna,Patel,53,Male,UK,UP,Hyderabad,Marketing,1846900,7,2015-04-25,1.73,krishna.patel671@example.com,8458649014
1196,Vihaan,Verma,56,Female,Australia,Karnataka,Bangalore,Operations,1846577,5,2019-04-24,4.01,vihaan.verma1196@example.com,9900777983
1520,Arjun,Verma,48,Male,UK,Tamil Nadu,Chennai,Engineering,1843620,1,2021-06-01,4.92,arjun.verma1520@example.com,7962512142
797,Vivaan,Verma,39,Male,Australia,Maharashtra,Delhi,Sales,1842841,1,2022-01-06,4.97,vivaan.verma797@example.com,9959446805
1999,Vihaan,Sharma,37,Male,Canada,UP,Hyderabad,Marketing,1841855,9,2018-01-17,1.3,vihaan.sharma1999@example.com,9942263422
1479,Arjun,Reddy,33,Female,USA,Tamil Nadu,Hyderabad,Marketing,1840808,3,2020-11-16,4.89,arjun.reddy1479@example.com,8118013233
396,Ishaan,Reddy,58,Female,USA,Tamil Nadu,Lucknow,Engineering,1840430,18,2015-02-22,3.91,ishaan.reddy396@example.com,8617452206
1784,Vivaan,Das,41,Male,India,Delhi,Mumbai,HR,1840203,17,2019-09-01,1.64,vivaan.das1784@example.com,7383273556
846,Reyansh,Khan,47,Female,India,Karnataka,Hyderabad,Engineering,1838199,16,2022-11-28,3.05,reyansh.khan846@example.com,8297749378
717,Sai,Patel,56,Female,Australia,Tamil Nadu,Delhi,Operations,1838078,0,2017-09-30,1.56,sai.patel717@example.com,7233135475
674,Ishaan,Mehta,32,Male,USA,Tamil Nadu,Hyderabad,Finance,1833716,10,2021-11-22,3.23,ishaan.mehta674@example.com,7217984184
1275,Sai,Patel,57,Female,UK,Maharashtra,Chennai,HR,1833608,3,2024-10-15,4.08,sai.patel1275@example.com,8155505414
1694,Vihaan,Khan,28,Male,India,Tamil Nadu,Bangalore,Operations,1831853,20,2015-11-22,1.28,vihaan.khan1694@example.com,8648687625
1301,Aarav,Gupta,49,Male,USA,Delhi,Lucknow,Marketing,1826735,3,2018-06-03,4.01,aarav.gupta1301@example.com,7679229527
1469,Vihaan,Das,45,Male,Canada,UP,Bangalore,HR,1826464,2,2016-08-14,4.97,vihaan.das1469@example.com,7292043110
1412,Aarav,Gupta,29,Male,Canada,Delhi,Bangalore,Sales,1825807,3,2018-07-10,2.08,aarav.gupta1412@example.com,9237410360
621,Aarav,Verma,34,Female,India,Delhi,Bangalore,Marketing,1825166,16,2021-07-06,4.52,aarav.verma621@example.com,7883006814
417,Kabir,Nair,29,Female,Australia,UP,Bangalore,Sales,1824156,10,2019-11-22,2.08,kabir.nair417@example.com,9586298893
1215,Sai,Gupta,31,Male,Canada,Karnataka,Bangalore,HR,1823250,18,2024-10-05,2.36,sai.gupta1215@example.com,9080782432
1872,Ishaan,Verma,55,Female,USA,UP,Hyderabad,Finance,1822246,8,2018-04-29,3.26,ishaan.verma1872@example.com,8009717094
1927,Kabir,Gupta,29,Male,India,Maharashtra,Chennai,Marketing,1822098,17,2023-03-16,1.25,kabir.gupta1927@example.com,8219405840
243,Vihaan,Patel,40,Female,USA,Karnataka,Delhi,Finance,1821981,3,2020-03-31,2.72,vihaan.patel243@example.com,7372253540
1378,Vivaan,Verma,27,Male,UK,Maharashtra,Lucknow,Operations,1820803,15,2021-03-21,4.32,vivaan.verma1378@example.com,7636107854
786,Vihaan,Mehta,24,Male,Canada,Delhi,Bangalore,HR,1820694,2,2016-02-21,1.26,vihaan.mehta786@example.com,8566600141
1531,Aarav,Das,32,Male,USA,Karnataka,Delhi,Operations,1819235,1,2019-11-08,2.42,aarav.das1531@example.com,7894232613
570,Krishna,Gupta,41,Male,Canada,Karnataka,Lucknow,HR,1818609,11,2024-09-26,1.43,krishna.gupta570@example.com,7664018433
1447,Kabir,Reddy,44,Male,Australia,Tamil Nadu,Chennai,Sales,1816154,10,2024-04-30,4.53,kabir.reddy1447@example.com,8059975606
1644,Vivaan,Khan,25,Female,Canada,Karnataka,Lucknow,Marketing,1815990,11,2019-12-25,1.23,vivaan.khan1644@example.com,8229720592
1937,Reyansh,Mehta,21,Female,India,Tamil Nadu,Hyderabad,Operations,1815053,11,2017-04-16,3.93,reyansh.mehta1937@example.com,9180971148
651,Aarav,Mehta,41,Female,USA,Karnataka,Lucknow,HR,1814633,14,2023-02-17,1.39,aarav.mehta651@example.com,8005635748
12,Krishna,Mehta,46,Male,India,Delhi,Mumbai,Sales,1814578,13,2022-03-16,4.12,krishna.mehta12@example.com,7455206622
1846,Kabir,Verma,58,Male,Australia,Delhi,Delhi,Operations,1813823,9,2021-05-23,3.41,kabir.verma1846@example.com,9564155222
1922,Vivaan,Reddy,49,Male,Canada,Maharashtra,Delhi,Engineering,1813099,16,2017-09-29,2,vivaan.reddy1922@example.com,9859968752
891,Ishaan,Das,26,Male,USA,UP,Delhi,Operations,1812966,13,2016-05-19,4.28,ishaan.das891@example.com,7543445153
343,Reyansh,Sharma,57,Male,Canada,Tamil Nadu,Lucknow,Finance,1812777,6,2017-01-04,4.92,reyansh.sharma343@example.com,9214896042
271,Vivaan,Nair,42,Male,Canada,Tamil Nadu,Mumbai,Sales,1812730,12,2015-08-23,2.27,vivaan.nair271@example.com,9739672122
1851,Arjun,Singh,55,Male,Australia,Maharashtra,Delhi,Marketing,1812689,11,2015-12-03,1.7,arjun.singh1851@example.com,9461939982
1233,Reyansh,Reddy,30,Female,India,Tamil Nadu,Lucknow,Operations,1811230,0,2020-05-22,2.32,reyansh.reddy1233@example.com,9766494485
1274,Sai,Singh,31,Female,USA,Delhi,Hyderabad,Finance,1809370,7,2021-09-28,1.68,sai.singh1274@example.com,9018199564
1279,Arjun,Mehta,55,Male,India,Karnataka,Chennai,Operations,1805977,6,2023-07-12,3.38,arjun.mehta1279@example.com,9615730420
575,Vivaan,Verma,54,Male,Canada,Maharashtra,Mumbai,HR,1805881,17,2024-02-26,4.63,vivaan.verma575@example.com,7080391272
47,Reyansh,Singh,28,Female,USA,Maharashtra,Hyderabad,Sales,1803832,18,2017-03-27,3.47,reyansh.singh47@example.com,9995964410
1156,Krishna,Verma,31,Female,USA,Karnataka,Mumbai,Marketing,1803736,7,2020-06-25,1.31,krishna.verma1156@example.com,7038958889
1205,Aditya,Singh,41,Female,Australia,Tamil Nadu,Lucknow,Engineering,1803686,0,2022-10-18,3.74,aditya.singh1205@example.com,9926704642
1112,Reyansh,Verma,54,Male,Australia,Karnataka,Delhi,Marketing,1802561,7,2019-06-04,2.62,reyansh.verma1112@example.com,9319981843
270,Krishna,Khan,21,Male,Canada,Karnataka,Hyderabad,HR,1799902,13,2019-10-06,3.83,krishna.khan270@example.com,8978945127
974,Aditya,Gupta,49,Male,Australia,Karnataka,Bangalore,Marketing,1799781,9,2016-01-18,2.62,aditya.gupta974@example.com,9766219037
478,Krishna,Sharma,56,Male,Australia,Karnataka,Bangalore,Engineering,1798792,13,2021-12-24,2.17,krishna.sharma478@example.com,9481967574
1135,Aditya,Verma,58,Male,India,Maharashtra,Lucknow,Sales,1798461,18,2022-10-15,2.38,aditya.verma1135@example.com,7781054061
1241,Ishaan,Singh,27,Female,Australia,Karnataka,Delhi,Finance,1795799,13,2022-05-16,3.02,ishaan.singh1241@example.com,9170434806
1509,Ishaan,Das,25,Female,India,Delhi,Delhi,Sales,1795742,13,2023-02-28,2.02,ishaan.das1509@example.com,7973008844
57,Kabir,Das,36,Male,India,Karnataka,Lucknow,Engineering,1795182,4,2017-03-05,1.36,kabir.das57@example.com,9766855528
5,Ishaan,Patel,41,Male,Canada,UP,Hyderabad,HR,1794970,10,2021-05-18,3.9,ishaan.patel5@example.com,9561031704
119,Aarav,Singh,57,Male,USA,Tamil Nadu,Bangalore,Operations,1794525,16,2024-09-01,1.73,aarav.singh119@example.com,9049361108
926,Aditya,Sharma,58,Male,USA,Maharashtra,Chennai,Marketing,1793949,2,2021-12-26,4.67,aditya.sharma926@example.com,8139606814
1212,Ishaan,Singh,36,Female,Canada,Delhi,Delhi,Sales,1788741,16,2019-07-24,3.03,ishaan.singh1212@example.com,7764592440
1074,Sai,Das,22,Male,Canada,Tamil Nadu,Lucknow,HR,1787994,9,2016-12-04,1.81,sai.das1074@example.com,7300720179
1352,Kabir,Patel,48,Female,India,Karnataka,Mumbai,Engineering,1787961,17,2019-12-10,4.73,kabir.patel1352@example.com,8777480548
1392,Arjun,Verma,54,Male,UK,Tamil Nadu,Hyderabad,Operations,1787738,3,2017-07-22,4.44,arjun.verma1392@example.com,7660306600
60,Ishaan,Verma,22,Male,Canada,UP,Lucknow,Finance,1787121,1,2015-08-25,4.26,ishaan.verma60@example.com,7747419064
1670,Aarav,Gupta,21,Female,Canada,UP,Hyderabad,Marketing,1786062,2,2016-01-24,1.94,aarav.gupta1670@example.com,7725281007
804,Aarav,Singh,26,Male,Australia,Tamil Nadu,Chennai,HR,1784317,1,2024-08-16,4.33,aarav.singh804@example.com,9736461722
1959,Vivaan,Reddy,24,Female,Canada,UP,Chennai,Sales,1783898,20,2019-12-10,3.95,vivaan.reddy1959@example.com,7421527409
961,Aditya,Khan,35,Female,Canada,UP,Hyderabad,Engineering,1783322,5,2023-12-18,4.68,aditya.khan961@example.com,8945218150
1893,Aditya,Mehta,46,Male,India,Tamil Nadu,Bangalore,HR,1780258,13,2017-05-15,2.94,aditya.mehta1893@example.com,7100277887
1429,Arjun,Verma,54,Female,USA,Tamil Nadu,Lucknow,Finance,1779540,1,2024-03-27,3.59,arjun.verma1429@example.com,9330767627
1887,Vivaan,Reddy,59,Female,USA,Delhi,Mumbai,Marketing,1778569,14,2018-04-18,3.67,vivaan.reddy1887@example.com,8503878081
649,Arjun,Gupta,38,Male,UK,Delhi,Chennai,Marketing,1776620,15,2021-09-01,4.97,arjun.gupta649@example.com,8428244551
521,Ishaan,Patel,21,Female,UK,UP,Chennai,Operations,1775165,4,2021-11-25,1.38,ishaan.patel521@example.com,9272171591
30,Vivaan,Gupta,23,Male,USA,Karnataka,Hyderabad,Finance,1774769,1,2024-06-02,4.77,vivaan.gupta30@example.com,9083895773
463,Ishaan,Reddy,36,Male,Canada,Karnataka,Mumbai,Finance,1774721,12,2018-12-26,3.5,ishaan.reddy463@example.com,9988152265
1650,Vivaan,Reddy,23,Female,USA,Maharashtra,Hyderabad,HR,1773914,0,2024-06-17,2.23,vivaan.reddy1650@example.com,7082248384
1242,Ishaan,Gupta,36,Male,Australia,Maharashtra,Bangalore,Operations,1771571,17,2022-10-28,1.17,ishaan.gupta1242@example.com,8719170923
1413,Krishna,Gupta,39,Male,UK,Maharashtra,Mumbai,Operations,1770097,6,2016-09-06,4.51,krishna.gupta1413@example.com,8173526557
574,Vihaan,Mehta,44,Male,UK,UP,Lucknow,Engineering,1769585,0,2015-10-10,1.55,vihaan.mehta574@example.com,7966777254
1938,Kabir,Das,26,Male,Canada,Tamil Nadu,Delhi,Sales,1768432,2,2024-06-25,1.54,kabir.das1938@example.com,8794486096
1466,Krishna,Mehta,56,Male,Canada,Karnataka,Mumbai,Sales,1767861,13,2022-08-06,2.59,krishna.mehta1466@example.com,9653502572
609,Aarav,Verma,34,Female,India,Karnataka,Delhi,Engineering,1766895,17,2019-07-10,1.18,aarav.verma609@example.com,9534804242
672,Aarav,Das,58,Female,USA,UP,Delhi,Sales,1766113,20,2015-11-17,1.41,aarav.das672@example.com,9992253536
1111,Ishaan,Nair,25,Female,Canada,Delhi,Bangalore,Operations,1764671,18,2019-01-20,4.06,ishaan.nair1111@example.com,7084783108
1343,Ishaan,Patel,29,Male,Australia,Karnataka,Mumbai,Marketing,1763386,8,2016-12-28,1.65,ishaan.patel1343@example.com,8993576420
1080,Vivaan,Verma,23,Female,India,Maharashtra,Delhi,Finance,1762615,6,2015-06-17,2.34,vivaan.verma1080@example.com,7869811048
1780,Kabir,Sharma,55,Female,Canada,UP,Delhi,Finance,1762338,17,2023-05-26,1.78,kabir.sharma1780@example.com,9970054883
1760,Vihaan,Mehta,25,Female,Canada,Tamil Nadu,Hyderabad,Engineering,1762109,15,2017-01-07,1.58,vihaan.mehta1760@example.com,9755243607
1641,Ishaan,Verma,23,Female,UK,Karnataka,Chennai,Marketing,1762044,6,2022-12-01,4.62,ishaan.verma1641@example.com,8919846029
1331,Sai,Singh,22,Female,Australia,Karnataka,Lucknow,Operations,1761415,2,2020-08-07,1.88,sai.singh1331@example.com,7952579133
587,Vihaan,Khan,25,Female,India,Maharashtra,Lucknow,Operations,1759274,9,2024-01-30,4.7,vihaan.khan587@example.com,7995926617
1443,Vivaan,Gupta,30,Female,India,Maharashtra,Delhi,Finance,1758832,3,2017-11-17,2.9,vivaan.gupta1443@example.com,9647672885
706,Reyansh,Reddy,45,Female,Australia,UP,Chennai,HR,1757302,11,2020-08-14,3.21,reyansh.reddy706@example.com,7426497184
1660,Vihaan,Das,21,Female,Canada,UP,Hyderabad,Operations,1756213,7,2022-07-09,2.49,vihaan.das1660@example.com,8839520535
1560,Vihaan,Mehta,37,Female,India,UP,Hyderabad,Operations,1752838,8,2023-11-02,2.87,vihaan.mehta1560@example.com,9835444026
449,Krishna,Sharma,37,Male,Australia,Maharashtra,Hyderabad,Marketing,1752052,16,2015-02-06,3.24,krishna.sharma449@example.com,8978230146
733,Ishaan,Gupta,25,Male,Australia,Maharashtra,Lucknow,HR,1751400,3,2024-08-24,4.73,ishaan.gupta733@example.com,7298263786
888,Krishna,Mehta,27,Female,India,UP,Hyderabad,Engineering,1750233,2,2015-03-15,4.55,krishna.mehta888@example.com,7279392897
382,Reyansh,Gupta,38,Male,USA,Karnataka,Bangalore,Finance,1749004,5,2016-06-02,1.29,reyansh.gupta382@example.com,8373903288
1688,Aditya,Patel,40,Female,India,UP,Chennai,Engineering,1746082,1,2022-04-13,3.79,aditya.patel1688@example.com,7538020994
212,Ishaan,Khan,55,Male,UK,Delhi,Delhi,HR,1743809,13,2018-01-04,1.05,ishaan.khan212@example.com,7678751362
309,Aditya,Verma,43,Male,India,Tamil Nadu,Delhi,Engineering,1742264,15,2023-03-25,3.89,aditya.verma309@example.com,9334844715
701,Vihaan,Nair,41,Male,Canada,Delhi,Lucknow,Marketing,1741513,7,2022-03-17,1.28,vihaan.nair701@example.com,9226461011
1884,Krishna,Mehta,31,Female,UK,Maharashtra,Mumbai,Operations,1741344,15,2018-02-12,2.87,krishna.mehta1884@example.com,8124855195
1668,Aditya,Gupta,33,Female,India,Karnataka,Lucknow,Engineering,1740242,7,2016-10-16,4.33,aditya.gupta1668@example.com,7992429745
1247,Kabir,Nair,50,Female,USA,Tamil Nadu,Delhi,Marketing,1739054,11,2022-10-18,3.5,kabir.nair1247@example.com,8720200771
878,Kabir,Gupta,23,Female,India,UP,Lucknow,Sales,1738346,19,2018-11-18,3.23,kabir.gupta878@example.com,8660891474
1804,Krishna,Verma,25,Female,Australia,Maharashtra,Hyderabad,Sales,1738069,10,2021-10-19,1.82,krishna.verma1804@example.com,8739181320
1658,Aarav,Nair,53,Female,India,Maharashtra,Chennai,Engineering,1737903,12,2023-12-27,3.9,aarav.nair1658@example.com,9163443239
423,Aditya,Sharma,22,Male,India,Karnataka,Delhi,Sales,1737742,4,2016-04-03,4.94,aditya.sharma423@example.com,7333373265
1766,Aditya,Mehta,59,Female,Australia,Karnataka,Mumbai,HR,1737276,0,2017-04-27,1.87,aditya.mehta1766@example.com,8536502070
1398,Arjun,Nair,47,Female,Canada,Tamil Nadu,Delhi,Sales,1737195,11,2021-06-26,3.86,arjun.nair1398@example.com,9210088803
79,Reyansh,Mehta,22,Male,Canada,Delhi,Bangalore,Sales,1736782,9,2020-03-16,1.62,reyansh.mehta79@example.com,8011777825
1817,Arjun,Singh,44,Male,India,UP,Chennai,Finance,1736632,15,2022-08-03,2.66,arjun.singh1817@example.com,9337248911
742,Aarav,Mehta,52,Male,UK,Maharashtra,Chennai,Sales,1736414,3,2018-07-30,4.6,aarav.mehta742@example.com,9552419941
1214,Vivaan,Patel,24,Female,India,Maharashtra,Delhi,Marketing,1734914,3,2022-07-04,4.74,vivaan.patel1214@example.com,7773124649
723,Krishna,Reddy,32,Female,UK,Tamil Nadu,Hyderabad,Marketing,1734779,16,2019-01-03,2.09,krishna.reddy723@example.com,7181625126
1816,Aarav,Patel,56,Male,Australia,Tamil Nadu,Delhi,Sales,1732586,6,2021-04-22,1.46,aarav.patel1816@example.com,8751832989
213,Aditya,Das,47,Female,UK,Tamil Nadu,Lucknow,Sales,1732038,1,2023-06-30,2.62,aditya.das213@example.com,8876359131
682,Vivaan,Mehta,30,Male,Canada,Karnataka,Bangalore,Engineering,1731644,5,2023-01-26,2.87,vivaan.mehta682@example.com,9862321428
1806,Reyansh,Mehta,36,Female,Australia,Delhi,Hyderabad,Operations,1731163,13,2021-01-09,2.73,reyansh.mehta1806@example.com,9475703229
1595,Arjun,Patel,59,Female,Canada,UP,Delhi,Operations,1730794,6,2022-12-18,3.69,arjun.patel1595@example.com,7453444615
1875,Ishaan,Nair,56,Female,Canada,Delhi,Lucknow,Marketing,1729259,18,2022-03-12,3.05,ishaan.nair1875@example.com,8785633404
129,Aarav,Nair,48,Female,Australia,Delhi,Lucknow,Operations,1727765,18,2019-08-23,4.07,aarav.nair129@example.com,9766253991
1116,Kabir,Sharma,43,Male,Australia,UP,Mumbai,Marketing,1727445,9,2016-12-09,3,kabir.sharma1116@example.com,8046790817
973,Arjun,Das,43,Female,Australia,UP,Mumbai,Operations,1727287,7,2020-12-27,2.05,arjun.das973@example.com,8949581651
893,Krishna,Singh,34,Male,USA,Maharashtra,Bangalore,Marketing,1727115,3,2015-03-12,1.77,krishna.singh893@example.com,8672026335
625,Aditya,Nair,23,Male,Australia,Delhi,Mumbai,Operations,1727103,8,2019-10-20,4.92,aditya.nair625@example.com,9795389507
900,Kabir,Patel,53,Male,Australia,Karnataka,Lucknow,Operations,1725795,19,2024-10-25,2.83,kabir.patel900@example.com,8975117402
19,Vivaan,Das,48,Female,India,Maharashtra,Chennai,Finance,1724406,1,2017-08-07,3.08,vivaan.das19@example.com,9645812535
1458,Arjun,Verma,51,Female,UK,Tamil Nadu,Lucknow,Engineering,1723813,20,2024-07-07,3.23,arjun.verma1458@example.com,9631936493
101,Kabir,Verma,57,Male,UK,Tamil Nadu,Lucknow,Sales,1723295,6,2015-02-09,1.45,kabir.verma101@example.com,8305089124
824,Vivaan,Patel,38,Female,UK,Karnataka,Hyderabad,HR,1722378,3,2015-01-05,1.74,vivaan.patel824@example.com,8625921000
1240,Aarav,Patel,28,Female,USA,Maharashtra,Hyderabad,Finance,1722349,5,2024-12-06,2.79,aarav.patel1240@example.com,9331351012
1021,Arjun,Das,44,Female,USA,Delhi,Chennai,HR,1719507,2,2017-05-20,3.21,arjun.das1021@example.com,8164579421
1290,Kabir,Gupta,25,Male,Canada,Tamil Nadu,Mumbai,Operations,1714462,1,2021-09-11,1.4,kabir.gupta1290@example.com,8454423499
240,Vivaan,Verma,58,Female,India,UP,Bangalore,Finance,1714219,7,2015-04-12,1.6,vivaan.verma240@example.com,7666662575
724,Aditya,Singh,33,Female,Australia,Karnataka,Hyderabad,Marketing,1712446,3,2023-05-13,4.94,aditya.singh724@example.com,9147743393
560,Krishna,Khan,32,Male,Canada,Tamil Nadu,Bangalore,Engineering,1712096,6,2018-11-13,2.58,krishna.khan560@example.com,9732063000
1234,Krishna,Patel,55,Male,Australia,Karnataka,Lucknow,HR,1711414,20,2018-12-19,1.29,krishna.patel1234@example.com,7870372589
1047,Vihaan,Nair,33,Female,Canada,UP,Mumbai,Sales,1710842,5,2020-04-13,3.19,vihaan.nair1047@example.com,7284924958
524,Krishna,Singh,59,Female,Canada,Tamil Nadu,Delhi,Finance,1709732,4,2021-10-30,2.86,krishna.singh524@example.com,8017078468
1461,Vihaan,Sharma,25,Female,UK,UP,Lucknow,Sales,1705802,8,2023-08-02,3.08,vihaan.sharma1461@example.com,9464160020
1570,Krishna,Patel,29,Female,Canada,UP,Delhi,Sales,1705662,11,2021-02-19,2.79,krishna.patel1570@example.com,9331546994
1388,Kabir,Nair,50,Male,Australia,UP,Lucknow,HR,1704806,9,2020-08-10,3.51,kabir.nair1388@example.com,7480134952
136,Ishaan,Das,60,Male,India,Karnataka,Mumbai,HR,1704462,6,2021-07-10,4.92,ishaan.das136@example.com,8189373703
645,Arjun,Nair,45,Female,Australia,UP,Hyderabad,HR,1704069,17,2021-05-28,4.67,arjun.nair645@example.com,9020213030
1288,Vihaan,Khan,38,Male,UK,Tamil Nadu,Chennai,HR,1703500,6,2023-12-16,3.59,vihaan.khan1288@example.com,9377489780
1230,Aditya,Patel,37,Female,Canada,Maharashtra,Delhi,Sales,1702107,10,2018-10-04,2.08,aditya.patel1230@example.com,8230180252
825,Aarav,Mehta,36,Female,Australia,Delhi,Mumbai,Operations,1701920,7,2017-12-07,1.78,aarav.mehta825@example.com,7612235796
712,Aarav,Reddy,32,Female,Canada,Maharashtra,Lucknow,HR,1701685,17,2020-12-13,3.71,aarav.reddy712@example.com,9851994965
325,Vihaan,Khan,59,Female,UK,Delhi,Hyderabad,HR,1701647,9,2015-06-07,2.7,vihaan.khan325@example.com,9131760035
326,Ishaan,Gupta,56,Male,India,Delhi,Lucknow,Marketing,1700894,20,2018-11-24,1.42,ishaan.gupta326@example.com,8952220434
253,Aditya,Mehta,33,Male,Canada,Delhi,Chennai,Operations,1700469,13,2022-06-23,2.16,aditya.mehta253@example.com,8883921052
365,Vivaan,Reddy,58,Female,Australia,Tamil Nadu,Chennai,Marketing,1699531,18,2018-08-31,4.61,vivaan.reddy365@example.com,8820893128
241,Kabir,Nair,37,Male,USA,UP,Delhi,HR,1698636,15,2021-03-14,1.14,kabir.nair241@example.com,7797973591
336,Kabir,Das,42,Female,UK,Maharashtra,Delhi,HR,1696400,4,2021-12-12,3.19,kabir.das336@example.com,7187402501
274,Aarav,Mehta,53,Male,Canada,Maharashtra,Chennai,Sales,1696003,0,2021-11-08,1.31,aarav.mehta274@example.com,9850342192
1444,Reyansh,Mehta,27,Male,Canada,Karnataka,Hyderabad,Marketing,1695722,18,2022-12-10,4.12,reyansh.mehta1444@example.com,7750206252
776,Aditya,Nair,59,Male,Australia,Maharashtra,Chennai,HR,1694890,15,2018-12-11,3.87,aditya.nair776@example.com,9247333413
1629,Vihaan,Singh,29,Female,Canada,Karnataka,Bangalore,Operations,1693054,11,2019-02-24,1.06,vihaan.singh1629@example.com,9086444396
1921,Aditya,Nair,53,Male,Australia,UP,Hyderabad,Operations,1692866,8,2024-04-10,4.22,aditya.nair1921@example.com,8895057001
1149,Reyansh,Verma,37,Male,Canada,Delhi,Delhi,Finance,1691707,12,2015-08-24,4.61,reyansh.verma1149@example.com,8744910285
169,Reyansh,Mehta,54,Male,USA,Karnataka,Bangalore,Sales,1690185,6,2016-03-12,3.47,reyansh.mehta169@example.com,9781800438
85,Vihaan,Singh,32,Female,UK,Karnataka,Chennai,HR,1689486,13,2018-10-29,4.44,vihaan.singh85@example.com,8694850237
816,Arjun,Reddy,25,Male,UK,Tamil Nadu,Delhi,Sales,1688013,1,2022-06-15,2.75,arjun.reddy816@example.com,9978031068
199,Aditya,Khan,36,Female,USA,UP,Mumbai,Marketing,1686269,11,2017-01-23,2.23,aditya.khan199@example.com,8099587096
1919,Reyansh,Verma,48,Male,Australia,Karnataka,Lucknow,HR,1684144,0,2020-12-23,1.17,reyansh.verma1919@example.com,8651796551
1310,Vihaan,Singh,24,Female,Canada,Delhi,Mumbai,Marketing,1683400,4,2024-02-22,3.06,vihaan.singh1310@example.com,7827915799
1239,Vivaan,Patel,23,Male,USA,UP,Delhi,Engineering,1683292,15,2020-08-18,1.96,vivaan.patel1239@example.com,9592202076
884,Krishna,Nair,37,Female,Canada,Karnataka,Bangalore,HR,1683011,20,2015-04-26,2.83,krishna.nair884@example.com,8563641138
1272,Vihaan,Mehta,21,Female,India,Tamil Nadu,Mumbai,Sales,1682395,8,2016-10-08,1.17,vihaan.mehta1272@example.com,9111376957
753,Ishaan,Gupta,42,Male,UK,Maharashtra,Mumbai,Operations,1677133,3,2022-04-27,2.87,ishaan.gupta753@example.com,8468136754
1758,Aditya,Das,31,Female,UK,Karnataka,Mumbai,Marketing,1675562,7,2017-05-28,2.43,aditya.das1758@example.com,9156672265
1974,Sai,Reddy,24,Female,UK,Delhi,Hyderabad,Finance,1673010,2,2018-03-17,4.47,sai.reddy1974@example.com,9019299942
1141,Vivaan,Das,31,Male,UK,Tamil Nadu,Bangalore,Operations,1671955,4,2017-07-12,4.88,vivaan.das1141@example.com,8040097793
58,Sai,Khan,27,Female,India,Karnataka,Hyderabad,Engineering,1670610,15,2019-11-28,2.13,sai.khan58@example.com,9675806650
1329,Sai,Khan,50,Female,Australia,Delhi,Delhi,Finance,1669167,9,2022-09-28,3.45,sai.khan1329@example.com,7186712427
1070,Arjun,Nair,42,Male,Canada,UP,Delhi,Finance,1668929,7,2023-03-19,2.78,arjun.nair1070@example.com,8440933024
1676,Krishna,Khan,51,Male,India,Tamil Nadu,Chennai,HR,1668134,2,2024-08-15,4.09,krishna.khan1676@example.com,9442353616
1778,Vivaan,Sharma,37,Male,India,Maharashtra,Lucknow,Sales,1666926,14,2021-10-15,1.57,vivaan.sharma1778@example.com,9123231498
500,Vivaan,Verma,24,Male,Australia,Karnataka,Lucknow,Operations,1664642,1,2022-01-28,3.8,vivaan.verma500@example.com,9559904750
1960,Reyansh,Reddy,28,Female,Canada,Delhi,Hyderabad,Operations,1664433,7,2017-02-05,1.78,reyansh.reddy1960@example.com,9581871819
399,Vihaan,Das,48,Female,UK,UP,Chennai,HR,1657583,10,2021-10-20,4.62,vihaan.das399@example.com,8445987009
798,Aditya,Khan,23,Female,Australia,Karnataka,Hyderabad,Engineering,1657305,12,2018-03-13,4.2,aditya.khan798@example.com,8119633329
95,Vihaan,Reddy,31,Female,UK,Maharashtra,Mumbai,Operations,1656990,6,2021-01-11,2.76,vihaan.reddy95@example.com,7657252118
1939,Sai,Verma,37,Female,Australia,Tamil Nadu,Hyderabad,Marketing,1656281,9,2024-01-02,2.68,sai.verma1939@example.com,9024396385
559,Kabir,Reddy,51,Male,India,Tamil Nadu,Mumbai,Engineering,1656163,14,2023-10-19,1.67,kabir.reddy559@example.com,9578642601
1522,Arjun,Mehta,21,Female,India,Karnataka,Hyderabad,Engineering,1655203,12,2022-10-03,4.73,arjun.mehta1522@example.com,8193127940
743,Vivaan,Verma,55,Female,USA,Karnataka,Chennai,Sales,1654632,3,2016-11-26,3.03,vivaan.verma743@example.com,7035774604
1328,Sai,Gupta,31,Female,India,Maharashtra,Delhi,Sales,1654364,1,2019-10-31,4.79,sai.gupta1328@example.com,7316451061
1592,Vihaan,Reddy,54,Female,Canada,Karnataka,Hyderabad,Engineering,1654318,1,2020-04-16,1.66,vihaan.reddy1592@example.com,8107402129
605,Aarav,Das,30,Female,India,Karnataka,Chennai,Sales,1653728,20,2019-07-03,3.66,aarav.das605@example.com,7627473481
55,Kabir,Singh,31,Male,USA,Karnataka,Lucknow,Marketing,1653552,3,2019-02-12,2.15,kabir.singh55@example.com,7307755230
211,Vivaan,Nair,41,Female,USA,UP,Lucknow,Marketing,1653525,11,2023-02-26,3.82,vivaan.nair211@example.com,9165948006
668,Vivaan,Khan,45,Female,USA,Karnataka,Bangalore,Finance,1652552,2,2018-07-10,4.93,vivaan.khan668@example.com,9388337228
1795,Arjun,Khan,46,Male,Australia,Karnataka,Mumbai,Marketing,1651258,6,2021-06-14,2.57,arjun.khan1795@example.com,7800601147
1648,Aarav,Mehta,56,Female,UK,Maharashtra,Chennai,HR,1650099,15,2020-11-26,3.81,aarav.mehta1648@example.com,9142965302
1071,Ishaan,Khan,29,Male,UK,UP,Lucknow,Marketing,1648003,12,2024-05-11,4.76,ishaan.khan1071@example.com,7040114371
1192,Kabir,Sharma,51,Male,UK,Maharashtra,Chennai,Sales,1646543,8,2023-04-21,1.19,kabir.sharma1192@example.com,8828127285
1016,Vivaan,Das,59,Female,Australia,UP,Mumbai,Engineering,1645737,6,2018-03-13,4.31,vivaan.das1016@example.com,7976278633
729,Vihaan,Khan,57,Male,Australia,UP,Lucknow,Operations,1645136,3,2022-11-30,4.84,vihaan.khan729@example.com,8218974859
1634,Vivaan,Reddy,43,Female,USA,UP,Hyderabad,Finance,1644845,0,2024-10-25,2.3,vivaan.reddy1634@example.com,9205437485
624,Vivaan,Verma,38,Female,UK,Maharashtra,Chennai,Operations,1642989,10,2019-10-03,4.9,vivaan.verma624@example.com,8448215652
746,Vihaan,Verma,57,Female,Canada,Maharashtra,Bangalore,HR,1640421,16,2017-07-21,4.59,vihaan.verma746@example.com,9139313263
850,Aditya,Verma,53,Male,Australia,UP,Hyderabad,Marketing,1638815,18,2019-05-01,1.32,aditya.verma850@example.com,9048579316
1374,Arjun,Reddy,35,Male,India,Karnataka,Bangalore,HR,1637275,9,2021-01-03,4.47,arjun.reddy1374@example.com,7691808560
760,Vihaan,Reddy,40,Female,USA,Tamil Nadu,Lucknow,Operations,1636925,16,2023-08-21,2.02,vihaan.reddy760@example.com,7901988390
1791,Kabir,Patel,38,Male,Australia,Maharashtra,Hyderabad,HR,1636788,20,2024-02-08,2.41,kabir.patel1791@example.com,9812376454
501,Sai,Patel,32,Male,USA,Delhi,Lucknow,Marketing,1636235,16,2016-07-30,3.56,sai.patel501@example.com,8260423039
823,Kabir,Verma,38,Male,India,Maharashtra,Bangalore,Operations,1636060,7,2019-12-06,1.55,kabir.verma823@example.com,7115163495
1686,Reyansh,Khan,40,Female,Canada,Delhi,Mumbai,Finance,1635068,12,2022-05-22,4.55,reyansh.khan1686@example.com,7635407470
808,Reyansh,Nair,40,Female,Canada,Tamil Nadu,Chennai,Engineering,1633292,2,2015-07-06,2.91,reyansh.nair808@example.com,8917003118
1228,Sai,Sharma,47,Male,USA,Delhi,Hyderabad,Engineering,1632522,4,2023-10-01,3.4,sai.sharma1228@example.com,7235871671
1314,Vihaan,Das,28,Female,USA,UP,Lucknow,HR,1632499,14,2020-09-18,2.07,vihaan.das1314@example.com,7706894505
33,Kabir,Patel,48,Female,USA,Tamil Nadu,Delhi,Marketing,1631880,18,2017-02-13,3.6,kabir.patel33@example.com,9845918633
1630,Vivaan,Gupta,43,Male,UK,UP,Bangalore,Sales,1631739,9,2016-07-04,4.94,vivaan.gupta1630@example.com,8618430635
1708,Krishna,Singh,35,Female,Australia,Delhi,Mumbai,Marketing,1630456,16,2018-07-24,1.93,krishna.singh1708@example.com,7846805655
145,Krishna,Patel,52,Male,UK,Delhi,Mumbai,Engineering,1628207,16,2018-09-27,1.87,krishna.patel145@example.com,7374674550
1940,Vivaan,Patel,53,Male,Canada,Tamil Nadu,Bangalore,Finance,1627322,20,2020-04-13,1.91,vivaan.patel1940@example.com,9243812165
1266,Arjun,Khan,58,Male,USA,Delhi,Lucknow,Marketing,1626877,13,2019-06-23,4.58,arjun.khan1266@example.com,7380325574
1860,Kabir,Das,37,Male,UK,Maharashtra,Chennai,Operations,1626065,5,2021-03-14,1.54,kabir.das1860@example.com,7806136228
1855,Aarav,Singh,23,Female,Australia,Tamil Nadu,Bangalore,Finance,1623006,15,2024-04-09,1.23,aarav.singh1855@example.com,9635059168
25,Sai,Mehta,44,Female,Canada,UP,Delhi,HR,1622993,8,2017-12-08,4.84,sai.mehta25@example.com,7849892643
369,Aditya,Singh,60,Male,UK,Delhi,Lucknow,Operations,1622822,5,2022-02-05,3.16,aditya.singh369@example.com,9370782707
1256,Ishaan,Nair,29,Male,USA,Delhi,Mumbai,Sales,1618056,14,2016-04-06,4.21,ishaan.nair1256@example.com,8591576507
358,Aarav,Patel,33,Female,USA,Delhi,Lucknow,Engineering,1617431,11,2016-12-10,2.79,aarav.patel358@example.com,7976871910
402,Vihaan,Sharma,43,Male,India,Karnataka,Delhi,Marketing,1616485,19,2022-08-06,4.61,vihaan.sharma402@example.com,8798461149
62,Aarav,Khan,44,Male,UK,Delhi,Bangalore,Operations,1615123,5,2017-10-20,4.13,aarav.khan62@example.com,8526928034
828,Aditya,Khan,49,Female,India,Tamil Nadu,Mumbai,Engineering,1614085,0,2020-06-05,4.57,aditya.khan828@example.com,8169928389
650,Vihaan,Sharma,35,Male,Canada,Tamil Nadu,Hyderabad,Operations,1613625,9,2018-06-13,1.68,vihaan.sharma650@example.com,7503072032
1399,Ishaan,Gupta,39,Female,India,UP,Chennai,Finance,1611247,18,2022-05-26,4.37,ishaan.gupta1399@example.com,7075051908
186,Sai,Sharma,42,Female,India,Karnataka,Mumbai,Engineering,1610886,16,2018-05-07,3.68,sai.sharma186@example.com,8709107304
1624,Aditya,Sharma,55,Male,India,Karnataka,Mumbai,Sales,1605519,9,2021-09-17,3.64,aditya.sharma1624@example.com,7011060167
164,Kabir,Verma,45,Male,Australia,Maharashtra,Mumbai,Engineering,1605419,10,2016-03-09,4.15,kabir.verma164@example.com,8985649051
715,Kabir,Reddy,52,Male,USA,Delhi,Bangalore,Sales,1604674,8,2017-04-06,4.29,kabir.reddy715@example.com,9770697424
258,Sai,Das,58,Male,USA,UP,Chennai,Marketing,1604066,12,2024-10-20,4.31,sai.das258@example.com,7600569137
1164,Reyansh,Das,48,Male,Canada,UP,Mumbai,Operations,1603298,15,2019-04-15,2.64,reyansh.das1164@example.com,8067202826
456,Aarav,Gupta,49,Male,India,UP,Chennai,Operations,1601676,17,2021-08-04,4.97,aarav.gupta456@example.com,9884349083
768,Vivaan,Singh,33,Male,Australia,Delhi,Bangalore,Operations,1600764,20,2021-06-04,4.2,vivaan.singh768@example.com,9613959738
590,Sai,Verma,32,Female,India,Karnataka,Lucknow,Engineering,1598200,11,2022-11-24,3.76,sai.verma590@example.com,7076403196
1224,Aarav,Nair,21,Male,Canada,Tamil Nadu,Lucknow,Sales,1597662,6,2021-09-09,1.8,aarav.nair1224@example.com,7127884286
592,Kabir,Reddy,48,Male,USA,Karnataka,Hyderabad,Sales,1595650,2,2016-03-31,1.91,kabir.reddy592@example.com,7676738598
1524,Krishna,Khan,42,Female,USA,Delhi,Chennai,Finance,1595498,2,2017-04-25,3.64,krishna.khan1524@example.com,9486554108
547,Arjun,Gupta,23,Female,Australia,UP,Bangalore,Sales,1595359,3,2016-10-27,3.91,arjun.gupta547@example.com,9356839753
643,Arjun,Singh,48,Male,Australia,Delhi,Lucknow,Operations,1594698,13,2020-04-17,4.18,arjun.singh643@example.com,7501008239
986,Arjun,Reddy,59,Female,USA,Karnataka,Delhi,HR,1594257,2,2018-06-06,1.38,arjun.reddy986@example.com,9269579976
65,Vihaan,Sharma,48,Male,Australia,Maharashtra,Lucknow,Engineering,1594056,3,2020-07-01,3.06,vihaan.sharma65@example.com,9711410207
187,Kabir,Gupta,39,Female,India,UP,Hyderabad,HR,1592059,20,2018-03-04,2.81,kabir.gupta187@example.com,8985977969
1460,Reyansh,Das,21,Male,India,Karnataka,Delhi,Engineering,1591879,0,2024-01-26,1.41,reyansh.das1460@example.com,9908490341
1162,Vivaan,Reddy,60,Female,USA,Tamil Nadu,Lucknow,Operations,1591711,8,2024-04-26,1.4,vivaan.reddy1162@example.com,9955112415
197,Aarav,Sharma,58,Male,Australia,UP,Hyderabad,Operations,1588057,14,2018-01-12,2.07,aarav.sharma197@example.com,7739989440
689,Aarav,Gupta,57,Female,UK,Maharashtra,Hyderabad,Sales,1587383,12,2020-08-11,4.45,aarav.gupta689@example.com,7490260278
1103,Aarav,Patel,26,Male,Australia,UP,Chennai,Engineering,1584528,4,2024-02-28,1.7,aarav.patel1103@example.com,7375478332
1368,Sai,Reddy,44,Male,Australia,Tamil Nadu,Chennai,Finance,1583285,5,2024-05-31,1.61,sai.reddy1368@example.com,9035236956
669,Sai,Patel,26,Male,USA,Maharashtra,Mumbai,Sales,1582329,4,2023-05-31,1.06,sai.patel669@example.com,7125747312
1033,Arjun,Das,27,Female,India,Karnataka,Chennai,HR,1582165,16,2017-11-07,2.19,arjun.das1033@example.com,7826687269
664,Sai,Nair,46,Male,Australia,Tamil Nadu,Delhi,HR,1579846,2,2023-06-20,2.53,sai.nair664@example.com,9110254358
1409,Kabir,Reddy,21,Female,Canada,UP,Bangalore,Finance,1579435,9,2019-08-17,3.78,kabir.reddy1409@example.com,9232091422
1381,Krishna,Gupta,50,Male,USA,Karnataka,Chennai,Marketing,1576273,6,2015-04-29,3.85,krishna.gupta1381@example.com,7977726443
896,Vivaan,Reddy,39,Male,UK,Karnataka,Mumbai,HR,1573342,18,2022-04-16,3.87,vivaan.reddy896@example.com,7508031863
985,Sai,Gupta,31,Male,USA,Delhi,Delhi,Engineering,1570067,7,2021-02-27,1.16,sai.gupta985@example.com,8303912227
159,Vivaan,Mehta,43,Male,Canada,Karnataka,Mumbai,Engineering,1567885,14,2020-10-22,3.09,vivaan.mehta159@example.com,7423812335
692,Krishna,Khan,24,Female,India,Maharashtra,Lucknow,Marketing,1565293,18,2015-09-07,1.2,krishna.khan692@example.com,7541578476
1508,Ishaan,Patel,58,Female,India,Tamil Nadu,Bangalore,HR,1562507,2,2017-03-01,1.66,ishaan.patel1508@example.com,9275662065
218,Krishna,Reddy,47,Female,India,Karnataka,Bangalore,Sales,1561117,1,2022-05-30,3.3,krishna.reddy218@example.com,8811652471
1718,Aarav,Reddy,48,Male,India,UP,Hyderabad,Sales,1559113,8,2022-12-30,4.84,aarav.reddy1718@example.com,7387086574
794,Sai,Nair,44,Male,India,Karnataka,Mumbai,HR,1558767,1,2018-10-04,1.58,sai.nair794@example.com,9803145720
1005,Ishaan,Mehta,56,Female,UK,Karnataka,Bangalore,Operations,1557060,12,2020-10-18,3.8,ishaan.mehta1005@example.com,7834059020
748,Vihaan,Gupta,24,Male,Australia,Delhi,Bangalore,Finance,1557055,15,2015-03-07,4.22,vihaan.gupta748@example.com,7184829628
767,Kabir,Reddy,43,Male,India,Tamil Nadu,Lucknow,Engineering,1555913,20,2016-09-28,4.67,kabir.reddy767@example.com,8759439790
1905,Vihaan,Sharma,38,Male,UK,Maharashtra,Delhi,HR,1552008,15,2016-11-25,3.23,vihaan.sharma1905@example.com,7290195836
588,Vivaan,Verma,56,Male,UK,Karnataka,Lucknow,Finance,1550927,11,2017-02-05,4.38,vivaan.verma588@example.com,7668360769
622,Vihaan,Khan,43,Female,Canada,Maharashtra,Lucknow,Engineering,1549313,1,2019-01-30,4.22,vihaan.khan622@example.com,7417104580
207,Vivaan,Mehta,32,Female,USA,Tamil Nadu,Chennai,Sales,1548368,12,2020-04-16,1.35,vivaan.mehta207@example.com,8307434676
1704,Vihaan,Mehta,36,Female,Canada,Tamil Nadu,Mumbai,Marketing,1548020,19,2017-07-23,3.02,vihaan.mehta1704@example.com,9794945043
337,Krishna,Khan,27,Male,USA,UP,Chennai,Engineering,1545716,1,2018-11-09,4.14,krishna.khan337@example.com,8122809895
1759,Kabir,Patel,52,Female,Canada,Delhi,Bangalore,Engineering,1545364,6,2016-03-08,4.12,kabir.patel1759@example.com,7308768516
1042,Kabir,Nair,25,Male,Canada,Karnataka,Lucknow,HR,1542825,17,2017-02-06,1.98,kabir.nair1042@example.com,8985279182
1737,Sai,Gupta,44,Male,UK,Maharashtra,Lucknow,Engineering,1541631,7,2018-10-25,3.68,sai.gupta1737@example.com,9599011543
1354,Arjun,Verma,60,Female,UK,Tamil Nadu,Chennai,HR,1541344,12,2017-10-19,2.17,arjun.verma1354@example.com,8898384411
1497,Vivaan,Khan,39,Female,Canada,Karnataka,Lucknow,Engineering,1538928,7,2020-10-06,1.84,vivaan.khan1497@example.com,9341318236
61,Arjun,Mehta,36,Female,USA,Delhi,Hyderabad,Finance,1538751,3,2023-07-20,2.49,arjun.mehta61@example.com,8560722005
1886,Krishna,Sharma,52,Female,UK,Tamil Nadu,Bangalore,Sales,1537142,18,2019-02-21,4.44,krishna.sharma1886@example.com,7527731784
1349,Ishaan,Das,31,Male,India,Tamil Nadu,Delhi,Engineering,1536715,4,2020-02-14,1.59,ishaan.das1349@example.com,7016644938
205,Ishaan,Sharma,53,Male,UK,Karnataka,Chennai,HR,1536647,16,2024-06-11,3.35,ishaan.sharma205@example.com,8311658037
110,Sai,Patel,56,Male,USA,Karnataka,Lucknow,Engineering,1535392,11,2018-07-12,4.55,sai.patel110@example.com,8377463570
1663,Reyansh,Khan,41,Female,India,Karnataka,Mumbai,HR,1529196,10,2015-04-18,4.36,reyansh.khan1663@example.com,7269110702
219,Ishaan,Mehta,35,Female,Canada,Maharashtra,Mumbai,Engineering,1529160,8,2021-02-04,2.48,ishaan.mehta219@example.com,9588149272
1297,Aarav,Mehta,25,Female,UK,UP,Delhi,Finance,1527228,0,2022-08-19,1.16,aarav.mehta1297@example.com,9468783284
286,Arjun,Khan,27,Female,Canada,Karnataka,Lucknow,Engineering,1526615,12,2020-09-01,4.09,arjun.khan286@example.com,7215337500
288,Krishna,Mehta,50,Male,Australia,UP,Lucknow,Sales,1525290,7,2020-01-30,3.09,krishna.mehta288@example.com,9629249008
156,Reyansh,Reddy,33,Female,Australia,Karnataka,Lucknow,Sales,1523819,0,2023-01-30,4.35,reyansh.reddy156@example.com,8665618181
1346,Arjun,Patel,57,Female,USA,Maharashtra,Chennai,Sales,1523160,18,2019-10-06,1.09,arjun.patel1346@example.com,8346614897
1701,Arjun,Patel,45,Female,USA,Karnataka,Mumbai,Sales,1521534,1,2024-11-02,2.57,arjun.patel1701@example.com,9260979523
1652,Ishaan,Sharma,29,Male,UK,UP,Bangalore,Marketing,1520858,20,2016-03-26,4.7,ishaan.sharma1652@example.com,7026025366
35,Kabir,Mehta,28,Male,Australia,Delhi,Lucknow,Marketing,1520401,19,2017-01-29,4.06,kabir.mehta35@example.com,7188767494
1072,Reyansh,Sharma,36,Female,UK,UP,Bangalore,Finance,1519719,1,2022-11-25,2.9,reyansh.sharma1072@example.com,9595351894
1315,Vivaan,Khan,57,Female,Canada,Maharashtra,Chennai,Engineering,1515506,2,2024-07-05,1.29,vivaan.khan1315@example.com,8453846123
757,Vivaan,Gupta,45,Male,USA,Maharashtra,Hyderabad,Engineering,1515259,12,2015-07-15,2.29,vivaan.gupta757@example.com,7424487543
616,Vivaan,Sharma,40,Male,Canada,Karnataka,Bangalore,Operations,1514952,19,2017-01-15,4.54,vivaan.sharma616@example.com,9994846586
566,Sai,Reddy,55,Male,Australia,Karnataka,Delhi,HR,1514929,6,2015-01-29,4.6,sai.reddy566@example.com,8312339873
578,Sai,Nair,40,Female,USA,Tamil Nadu,Lucknow,Sales,1514194,19,2015-06-14,4.72,sai.nair578@example.com,9706487442
766,Krishna,Gupta,53,Female,UK,Delhi,Delhi,HR,1513993,5,2022-08-19,3.31,krishna.gupta766@example.com,7140920177
505,Vihaan,Gupta,27,Female,India,Tamil Nadu,Lucknow,HR,1513895,20,2015-07-15,4.47,vihaan.gupta505@example.com,8634540931
2000,Sai,Sharma,42,Male,India,Tamil Nadu,Mumbai,HR,1511946,1,2023-07-17,3.51,sai.sharma2000@example.com,7537964221
1989,Vihaan,Khan,22,Female,UK,Delhi,Bangalore,Operations,1511352,1,2021-12-15,2.38,vihaan.khan1989@example.com,7696559155
329,Vihaan,Mehta,47,Male,Canada,Maharashtra,Bangalore,Engineering,1506417,8,2017-12-30,3.06,vihaan.mehta329@example.com,8592890775
1046,Ishaan,Verma,23,Male,India,Tamil Nadu,Bangalore,HR,1506321,1,2021-01-19,3.38,ishaan.verma1046@example.com,8931171349
1185,Kabir,Reddy,45,Female,UK,Tamil Nadu,Delhi,HR,1503895,8,2016-05-28,4.85,kabir.reddy1185@example.com,8851039085
1385,Sai,Gupta,39,Female,UK,Karnataka,Delhi,Marketing,1503482,2,2016-12-26,4.56,sai.gupta1385@example.com,7473395125
1925,Ishaan,Khan,45,Male,Australia,Karnataka,Mumbai,Operations,1503204,16,2016-01-24,4.5,ishaan.khan1925@example.com,7886657686
1616,Krishna,Singh,32,Male,USA,UP,Delhi,Marketing,1502411,9,2016-11-21,4.2,krishna.singh1616@example.com,7501835197
538,Sai,Verma,32,Male,Canada,Maharashtra,Mumbai,Marketing,1501526,8,2019-07-16,3.88,sai.verma538@example.com,9777831340
107,Aarav,Verma,36,Female,Canada,Karnataka,Hyderabad,Marketing,1500232,3,2018-11-28,4.35,aarav.verma107@example.com,9596701322
553,Aditya,Singh,21,Male,USA,Maharashtra,Delhi,Finance,1499638,18,2015-03-09,3.96,aditya.singh553@example.com,9473153864
344,Kabir,Sharma,58,Female,Canada,Tamil Nadu,Lucknow,Sales,1497466,10,2024-03-31,4.79,kabir.sharma344@example.com,8265347402
680,Sai,Patel,53,Female,India,Maharashtra,Delhi,HR,1493985,11,2018-03-02,2.78,sai.patel680@example.com,8231378489
114,Arjun,Khan,23,Female,Australia,Maharashtra,Lucknow,Marketing,1493430,9,2017-12-10,4.38,arjun.khan114@example.com,7761486541
1173,Reyansh,Gupta,54,Female,India,Karnataka,Hyderabad,Sales,1489692,12,2019-05-24,3.34,reyansh.gupta1173@example.com,8960710826
1669,Reyansh,Khan,52,Female,India,Delhi,Lucknow,Marketing,1489027,10,2015-01-10,3.63,reyansh.khan1669@example.com,9347467012
1404,Reyansh,Das,46,Female,Australia,Delhi,Hyderabad,Marketing,1488353,15,2024-07-26,3,reyansh.das1404@example.com,8835636715
727,Arjun,Gupta,49,Female,Canada,Delhi,Delhi,Engineering,1487591,20,2023-09-27,1.53,arjun.gupta727@example.com,7918381623
635,Aditya,Singh,40,Male,India,Karnataka,Lucknow,Finance,1487254,4,2020-05-16,1.49,aditya.singh635@example.com,7256930682
1685,Kabir,Gupta,27,Female,USA,Tamil Nadu,Bangalore,Sales,1485117,19,2017-08-08,2.05,kabir.gupta1685@example.com,7396721393
1060,Kabir,Patel,46,Male,Australia,Maharashtra,Bangalore,Marketing,1483275,20,2022-05-31,1.05,kabir.patel1060@example.com,8856822938
1796,Reyansh,Sharma,42,Female,India,Tamil Nadu,Bangalore,Engineering,1481580,3,2016-08-17,1.54,reyansh.sharma1796@example.com,9165549085
975,Sai,Sharma,44,Female,Australia,Karnataka,Delhi,HR,1478381,14,2020-01-30,3.2,sai.sharma975@example.com,7066757697
1004,Sai,Sharma,54,Female,Canada,Karnataka,Chennai,Finance,1476647,1,2021-08-19,2.71,sai.sharma1004@example.com,9640832456
1572,Krishna,Khan,30,Male,USA,UP,Lucknow,Finance,1475834,19,2021-05-26,2.38,krishna.khan1572@example.com,9934612593
1762,Vihaan,Das,58,Male,Australia,Maharashtra,Chennai,Sales,1474190,2,2021-12-05,1.65,vihaan.das1762@example.com,9802657461
1546,Ishaan,Verma,25,Female,India,Delhi,Chennai,Operations,1473849,11,2020-03-19,2.15,ishaan.verma1546@example.com,7497307814
628,Aditya,Khan,33,Male,UK,Tamil Nadu,Chennai,Engineering,1470918,12,2019-02-10,4.95,aditya.khan628@example.com,7344092581
1593,Vihaan,Gupta,33,Female,India,UP,Chennai,Operations,1470206,5,2016-02-21,1.76,vihaan.gupta1593@example.com,9808275065
10,Arjun,Reddy,24,Female,UK,UP,Chennai,Marketing,1470203,9,2018-06-15,2.19,arjun.reddy10@example.com,8077409252
1498,Aditya,Mehta,40,Female,UK,UP,Mumbai,Engineering,1468838,1,2024-10-06,2.25,aditya.mehta1498@example.com,8822812615
1986,Kabir,Mehta,53,Male,UK,Maharashtra,Bangalore,Operations,1466365,19,2015-02-01,3.86,kabir.mehta1986@example.com,9317542134
1797,Aditya,Patel,35,Male,Canada,Tamil Nadu,Hyderabad,HR,1465509,11,2015-10-28,1.81,aditya.patel1797@example.com,7325539959
1605,Aarav,Verma,22,Female,Australia,UP,Hyderabad,Sales,1464754,13,2019-01-29,4.43,aarav.verma1605@example.com,9126930471
1541,Reyansh,Sharma,37,Male,Australia,Delhi,Delhi,HR,1462948,1,2020-09-23,1.89,reyansh.sharma1541@example.com,7199061222
324,Sai,Sharma,55,Female,USA,Maharashtra,Delhi,Operations,1462043,18,2020-12-04,1.82,sai.sharma324@example.com,7485557648
1532,Aarav,Mehta,51,Male,Canada,Maharashtra,Lucknow,Sales,1461607,3,2024-10-19,2.56,aarav.mehta1532@example.com,8304753124
1611,Vivaan,Patel,51,Male,UK,Maharashtra,Chennai,Marketing,1461327,10,2016-07-13,4.46,vivaan.patel1611@example.com,9436622760
1736,Vihaan,Sharma,43,Female,India,Delhi,Hyderabad,Engineering,1460908,12,2015-05-12,3.54,vihaan.sharma1736@example.com,7911704225
1050,Aarav,Reddy,60,Male,Australia,Delhi,Chennai,Engineering,1460772,7,2023-08-08,4.74,aarav.reddy1050@example.com,9913245727
83,Krishna,Reddy,30,Female,UK,Tamil Nadu,Delhi,Engineering,1460713,4,2022-11-06,4.73,krishna.reddy83@example.com,8496538460
1105,Arjun,Reddy,24,Female,Canada,Tamil Nadu,Bangalore,HR,1460242,14,2022-09-23,3.74,arjun.reddy1105@example.com,7320718952
1057,Vivaan,Reddy,26,Male,India,UP,Bangalore,Operations,1459897,18,2015-05-30,3.87,vivaan.reddy1057@example.com,8341167695
632,Reyansh,Khan,21,Female,Australia,Maharashtra,Delhi,Sales,1458621,14,2017-04-26,2.7,reyansh.khan632@example.com,8013421660
1907,Kabir,Mehta,45,Male,India,UP,Hyderabad,Sales,1457767,1,2019-08-04,4.58,kabir.mehta1907@example.com,9933516883
1244,Aditya,Nair,36,Male,UK,Karnataka,Bangalore,Operations,1457699,19,2016-05-02,4.24,aditya.nair1244@example.com,8884092979
1684,Ishaan,Khan,52,Female,Canada,Maharashtra,Mumbai,Finance,1456543,18,2023-09-26,2.13,ishaan.khan1684@example.com,8129570982
1163,Vihaan,Singh,24,Female,Australia,UP,Chennai,Sales,1454228,13,2016-01-26,3.84,vihaan.singh1163@example.com,8840103205
434,Sai,Patel,35,Female,Canada,UP,Delhi,HR,1452798,6,2015-05-21,4.27,sai.patel434@example.com,8502377113
1774,Ishaan,Sharma,48,Male,USA,Maharashtra,Lucknow,Marketing,1447668,14,2018-02-15,4.2,ishaan.sharma1774@example.com,8772118727
956,Reyansh,Gupta,35,Female,USA,Karnataka,Mumbai,HR,1447365,15,2016-05-08,3.44,reyansh.gupta956@example.com,7262899398
529,Aarav,Das,32,Female,Canada,Tamil Nadu,Chennai,HR,1446032,13,2020-11-11,2.73,aarav.das529@example.com,7743017623
1721,Sai,Khan,35,Female,India,Delhi,Chennai,Finance,1442432,18,2020-11-17,3.39,sai.khan1721@example.com,9945253221
1828,Aarav,Das,26,Female,Australia,Tamil Nadu,Lucknow,Finance,1441714,4,2015-05-19,4.4,aarav.das1828@example.com,7499648334
647,Aarav,Reddy,27,Male,India,Karnataka,Bangalore,HR,1440756,0,2020-11-24,1.28,aarav.reddy647@example.com,8979308159
1465,Aarav,Sharma,27,Male,UK,UP,Lucknow,Finance,1440742,5,2019-01-17,1.18,aarav.sharma1465@example.com,8240481852
1031,Arjun,Gupta,44,Male,UK,Karnataka,Bangalore,HR,1439867,4,2019-11-12,2.59,arjun.gupta1031@example.com,7322684015
153,Krishna,Verma,28,Female,USA,UP,Mumbai,Operations,1439483,14,2024-01-11,1.33,krishna.verma153@example.com,7273517231
1232,Aarav,Verma,21,Female,India,Tamil Nadu,Mumbai,HR,1439271,13,2021-06-05,2.63,aarav.verma1232@example.com,9417906728
1826,Reyansh,Singh,23,Female,Australia,Tamil Nadu,Chennai,Sales,1438720,11,2021-11-20,3.85,reyansh.singh1826@example.com,7592677711
641,Vihaan,Singh,23,Male,Australia,UP,Chennai,Operations,1438700,1,2022-08-08,2.73,vihaan.singh641@example.com,8224611673
1596,Aarav,Nair,28,Male,USA,Delhi,Chennai,Marketing,1436401,13,2020-10-15,4.75,aarav.nair1596@example.com,8387876010
1626,Vihaan,Verma,45,Female,USA,Delhi,Mumbai,Finance,1433690,6,2023-08-03,2.13,vihaan.verma1626@example.com,9529540356
390,Arjun,Gupta,57,Male,UK,Maharashtra,Mumbai,Operations,1432277,5,2023-04-03,1.97,arjun.gupta390@example.com,8459618837
842,Kabir,Khan,49,Female,Australia,Tamil Nadu,Bangalore,Finance,1429965,2,2019-10-10,3.48,kabir.khan842@example.com,8395035498
1716,Vihaan,Singh,24,Male,Australia,Karnataka,Delhi,Finance,1428141,17,2020-08-31,2.01,vihaan.singh1716@example.com,9919669553
917,Krishna,Nair,59,Female,Australia,Karnataka,Lucknow,Finance,1427674,0,2023-05-17,2.21,krishna.nair917@example.com,7576144211
4,Ishaan,Nair,57,Male,USA,UP,Hyderabad,Finance,1421586,18,2018-12-09,1.38,ishaan.nair4@example.com,9215016467
1933,Kabir,Nair,24,Female,India,Tamil Nadu,Mumbai,Engineering,1421586,3,2016-07-04,4.3,kabir.nair1933@example.com,9528575027
1049,Vihaan,Reddy,26,Female,Canada,Delhi,Mumbai,Finance,1420303,10,2022-06-18,4.4,vihaan.reddy1049@example.com,8480436109
143,Aditya,Nair,26,Female,UK,Tamil Nadu,Mumbai,Operations,1418018,16,2018-06-19,1.97,aditya.nair143@example.com,8724992197
201,Ishaan,Sharma,27,Female,Canada,Delhi,Bangalore,Marketing,1417210,2,2019-11-11,1.52,ishaan.sharma201@example.com,7291878910
982,Arjun,Mehta,29,Male,India,Maharashtra,Lucknow,Operations,1414428,3,2017-03-31,3.98,arjun.mehta982@example.com,8870268724
1236,Vivaan,Verma,41,Female,Canada,UP,Delhi,Marketing,1410846,11,2016-08-15,3.42,vivaan.verma1236@example.com,8185628368
1370,Ishaan,Mehta,55,Male,UK,UP,Chennai,Sales,1408992,11,2016-02-25,4.73,ishaan.mehta1370@example.com,9245288843
305,Ishaan,Khan,35,Female,Canada,Karnataka,Mumbai,Operations,1408247,6,2019-06-11,4.96,ishaan.khan305@example.com,7208100208
1727,Krishna,Das,55,Male,UK,Maharashtra,Chennai,HR,1407374,14,2024-04-04,1.23,krishna.das1727@example.com,9915600361
631,Vihaan,Khan,55,Male,USA,Tamil Nadu,Bangalore,Operations,1407309,15,2017-04-07,4.94,vihaan.khan631@example.com,7543033643
43,Krishna,Verma,55,Male,India,Delhi,Chennai,Finance,1406850,9,2016-10-10,4.97,krishna.verma43@example.com,9233640629
1691,Kabir,Reddy,39,Female,India,Karnataka,Delhi,Sales,1406377,17,2023-10-18,1.13,kabir.reddy1691@example.com,7692329834
1410,Vivaan,Sharma,21,Female,India,Maharashtra,Chennai,HR,1405147,4,2021-09-23,3.51,vivaan.sharma1410@example.com,9433850851
784,Aditya,Khan,46,Male,UK,Karnataka,Chennai,Engineering,1401339,5,2020-06-07,1.92,aditya.khan784@example.com,9875031944
1040,Ishaan,Mehta,26,Female,Australia,Maharashtra,Lucknow,Engineering,1401045,19,2022-09-11,1.51,ishaan.mehta1040@example.com,9272209164
1975,Krishna,Gupta,36,Female,UK,Delhi,Mumbai,Engineering,1401033,18,2022-12-27,4.7,krishna.gupta1975@example.com,8933804555
1863,Reyansh,Verma,43,Female,Australia,UP,Mumbai,Marketing,1400488,16,2024-04-30,2.8,reyansh.verma1863@example.com,8896970676
531,Aarav,Khan,22,Male,Australia,Karnataka,Delhi,Engineering,1400211,6,2024-10-29,4.14,aarav.khan531@example.com,9125683927
1126,Reyansh,Verma,59,Female,UK,Maharashtra,Chennai,HR,1400067,19,2018-10-13,3.8,reyansh.verma1126@example.com,8765230653
1802,Arjun,Mehta,41,Female,USA,Delhi,Chennai,Operations,1399333,20,2022-04-15,3.69,arjun.mehta1802@example.com,7870360629
764,Reyansh,Mehta,59,Female,Canada,Tamil Nadu,Mumbai,Operations,1399111,15,2020-05-16,2.23,reyansh.mehta764@example.com,8116145545
1761,Ishaan,Reddy,30,Male,UK,Karnataka,Bangalore,Marketing,1398701,16,2024-06-12,1.22,ishaan.reddy1761@example.com,9531298931
291,Vihaan,Patel,36,Male,Canada,Delhi,Lucknow,Sales,1396909,8,2021-03-26,4.09,vihaan.patel291@example.com,7434397387
1773,Vihaan,Gupta,34,Female,Australia,Maharashtra,Chennai,Engineering,1395868,11,2021-08-09,3.17,vihaan.gupta1773@example.com,8504151967
222,Aarav,Gupta,45,Female,UK,UP,Delhi,Marketing,1395457,11,2017-12-28,1.25,aarav.gupta222@example.com,8940291769
364,Aditya,Mehta,42,Female,India,Maharashtra,Bangalore,Marketing,1391045,18,2018-12-28,1.08,aditya.mehta364@example.com,7435535013
699,Vihaan,Khan,37,Female,Canada,Karnataka,Hyderabad,HR,1389045,13,2020-12-17,4.44,vihaan.khan699@example.com,9944105627
1535,Aarav,Gupta,22,Female,USA,Maharashtra,Hyderabad,Marketing,1388944,20,2019-07-06,3.68,aarav.gupta1535@example.com,9900391967
1037,Reyansh,Sharma,44,Male,Australia,Delhi,Delhi,HR,1385691,7,2022-07-27,3.97,reyansh.sharma1037@example.com,8379119944
46,Vihaan,Das,42,Male,USA,Tamil Nadu,Delhi,Finance,1384040,2,2016-06-26,2.63,vihaan.das46@example.com,9587805319
1013,Aditya,Mehta,25,Male,USA,Tamil Nadu,Hyderabad,Finance,1383972,14,2022-02-10,1.59,aditya.mehta1013@example.com,9398321116
1639,Reyansh,Singh,44,Female,Canada,Delhi,Lucknow,HR,1383481,19,2022-05-07,1.73,reyansh.singh1639@example.com,7511774205
1345,Vivaan,Sharma,41,Female,Canada,Maharashtra,Delhi,Engineering,1382481,15,2022-02-10,3.38,vivaan.sharma1345@example.com,9269230499
665,Krishna,Mehta,22,Female,Canada,UP,Lucknow,HR,1381763,1,2016-01-07,3.58,krishna.mehta665@example.com,7797551329
1662,Sai,Singh,25,Female,Canada,Maharashtra,Chennai,Engineering,1380595,15,2018-06-20,4.88,sai.singh1662@example.com,9701083611
1403,Aditya,Sharma,35,Female,Australia,Maharashtra,Bangalore,Sales,1380080,7,2023-06-02,4.64,aditya.sharma1403@example.com,7302820842
1789,Vivaan,Khan,26,Female,Canada,Karnataka,Chennai,Operations,1379195,20,2021-02-04,3.7,vivaan.khan1789@example.com,9231617436
1787,Kabir,Sharma,53,Female,USA,Karnataka,Mumbai,Finance,1378963,10,2020-07-03,1.76,kabir.sharma1787@example.com,8438954601
1035,Aditya,Reddy,41,Male,India,Tamil Nadu,Hyderabad,Marketing,1378840,19,2019-06-19,1.64,aditya.reddy1035@example.com,9974955091
128,Vihaan,Khan,27,Female,USA,Karnataka,Lucknow,Engineering,1378616,11,2017-06-06,1.13,vihaan.khan128@example.com,9125676424
1159,Krishna,Das,57,Male,India,Karnataka,Lucknow,Sales,1378495,11,2024-12-08,3.07,krishna.das1159@example.com,9323890862
405,Vivaan,Singh,25,Male,Australia,Maharashtra,Bangalore,Finance,1377418,4,2019-07-02,4.72,vivaan.singh405@example.com,9001571127
380,Reyansh,Gupta,45,Male,Canada,Karnataka,Chennai,Marketing,1377265,9,2021-04-16,4.74,reyansh.gupta380@example.com,8249398381
1854,Reyansh,Mehta,28,Female,Australia,Karnataka,Mumbai,Marketing,1377097,3,2016-04-18,3.95,reyansh.mehta1854@example.com,9966018276
1086,Ishaan,Sharma,43,Male,Canada,Maharashtra,Chennai,Engineering,1373657,15,2023-03-17,1.32,ishaan.sharma1086@example.com,7889951725
1677,Reyansh,Khan,42,Female,UK,Tamil Nadu,Mumbai,Finance,1372587,4,2022-12-08,1.11,reyansh.khan1677@example.com,9632645183
1585,Ishaan,Gupta,33,Female,India,Tamil Nadu,Delhi,Sales,1372086,3,2019-07-21,1.24,ishaan.gupta1585@example.com,7094765159
1152,Aarav,Khan,37,Female,UK,UP,Delhi,Marketing,1371828,17,2015-01-18,4.1,aarav.khan1152@example.com,9247988816
1567,Kabir,Nair,35,Female,India,Tamil Nadu,Bangalore,HR,1371397,14,2016-04-30,3.06,kabir.nair1567@example.com,7081048270
1687,Vihaan,Patel,40,Female,USA,UP,Bangalore,Sales,1370326,5,2015-09-20,2.64,vihaan.patel1687@example.com,9172096852
183,Aarav,Reddy,57,Female,USA,Delhi,Bangalore,HR,1369580,14,2024-07-15,2.68,aarav.reddy183@example.com,7595944360
938,Aarav,Reddy,23,Male,USA,Maharashtra,Delhi,Finance,1368027,2,2017-10-23,3.26,aarav.reddy938@example.com,8103107935
139,Vivaan,Reddy,22,Female,UK,UP,Delhi,Marketing,1367826,2,2019-04-29,2.17,vivaan.reddy139@example.com,8116336980
246,Reyansh,Sharma,55,Male,Canada,Tamil Nadu,Lucknow,Sales,1365006,6,2017-12-13,4.35,reyansh.sharma246@example.com,7745783650
865,Aarav,Khan,27,Female,Canada,Karnataka,Lucknow,Operations,1364761,16,2017-10-10,1.6,aarav.khan865@example.com,7978020518
1268,Krishna,Nair,35,Male,UK,UP,Lucknow,Sales,1364490,10,2017-04-10,2.29,krishna.nair1268@example.com,8971803574
1972,Sai,Das,43,Female,India,Maharashtra,Chennai,Operations,1363711,10,2018-05-13,3.28,sai.das1972@example.com,7837153660
1563,Aarav,Das,36,Female,USA,Karnataka,Lucknow,Finance,1363699,15,2016-01-15,4.69,aarav.das1563@example.com,8298252435
188,Vihaan,Singh,49,Female,USA,Maharashtra,Hyderabad,Finance,1359715,13,2024-04-21,3.56,vihaan.singh188@example.com,8286313907
150,Krishna,Reddy,47,Male,USA,Karnataka,Chennai,Engineering,1356174,15,2021-02-19,1.49,krishna.reddy150@example.com,9530380376
69,Krishna,Sharma,58,Male,Australia,Maharashtra,Chennai,Operations,1355984,4,2019-06-19,2.31,krishna.sharma69@example.com,8519926678
709,Ishaan,Verma,55,Male,UK,Karnataka,Mumbai,Engineering,1355511,13,2018-02-15,2.29,ishaan.verma709@example.com,9008174630
473,Vivaan,Das,34,Female,Canada,Maharashtra,Bangalore,Marketing,1354915,11,2023-07-02,3.35,vivaan.das473@example.com,8415457078
1632,Reyansh,Verma,54,Female,UK,UP,Chennai,Sales,1352015,11,2021-09-12,3.95,reyansh.verma1632@example.com,9430478322
394,Aarav,Patel,49,Male,UK,Tamil Nadu,Mumbai,Marketing,1351791,16,2016-11-14,3.21,aarav.patel394@example.com,7353137608
1507,Aarav,Khan,54,Female,Australia,Delhi,Chennai,Engineering,1348634,5,2016-11-08,3.84,aarav.khan1507@example.com,9538550899
1488,Kabir,Reddy,38,Male,Australia,Karnataka,Mumbai,HR,1347242,16,2015-01-16,4.44,kabir.reddy1488@example.com,8076251015
279,Reyansh,Sharma,47,Male,Australia,Delhi,Chennai,Operations,1346888,11,2020-04-18,1.03,reyansh.sharma279@example.com,7902259358
327,Arjun,Gupta,34,Male,India,Karnataka,Bangalore,HR,1346156,19,2022-03-15,3.11,arjun.gupta327@example.com,9521154534
654,Vihaan,Reddy,33,Male,Australia,UP,Hyderabad,Operations,1344997,20,2022-11-09,3.54,vihaan.reddy654@example.com,8326287094
1976,Sai,Singh,29,Female,USA,Delhi,Delhi,Sales,1344567,1,2017-06-29,3.45,sai.singh1976@example.com,7973694137
952,Vihaan,Khan,49,Male,UK,Tamil Nadu,Bangalore,HR,1344341,16,2020-05-25,3.79,vihaan.khan952@example.com,9367474149
1077,Arjun,Verma,53,Female,India,Tamil Nadu,Lucknow,Operations,1342632,2,2019-05-09,2.95,arjun.verma1077@example.com,8650440488
1140,Aarav,Gupta,53,Male,UK,Karnataka,Hyderabad,Marketing,1340331,5,2022-01-10,2.48,aarav.gupta1140@example.com,7704456036
1476,Arjun,Singh,47,Male,Canada,Maharashtra,Lucknow,Marketing,1339961,18,2017-03-28,2.14,arjun.singh1476@example.com,7698764135
1832,Aditya,Khan,32,Female,Canada,Maharashtra,Chennai,Engineering,1337861,20,2020-07-24,1.17,aditya.khan1832@example.com,8838250515
102,Aarav,Nair,24,Female,Australia,Tamil Nadu,Lucknow,Operations,1336881,10,2022-12-07,1.39,aarav.nair102@example.com,8387450927
508,Vivaan,Sharma,35,Female,Canada,Karnataka,Lucknow,Sales,1336296,11,2022-03-28,1.2,vivaan.sharma508@example.com,9158985152
869,Vihaan,Sharma,30,Female,Canada,UP,Chennai,HR,1336032,13,2017-05-26,1.01,vihaan.sharma869@example.com,7799049872
1746,Vihaan,Verma,43,Female,Canada,Maharashtra,Bangalore,Engineering,1335972,5,2018-04-21,3.18,vihaan.verma1746@example.com,7780641561
981,Aarav,Verma,54,Female,Australia,Delhi,Chennai,Sales,1332189,18,2016-05-28,4.46,aarav.verma981@example.com,9755733188
1025,Vivaan,Singh,54,Male,USA,UP,Mumbai,Sales,1331282,8,2022-06-11,3.34,vivaan.singh1025@example.com,8152428082
221,Vivaan,Gupta,21,Female,India,Delhi,Delhi,Marketing,1329340,9,2015-05-29,2.11,vivaan.gupta221@example.com,9706583289
623,Aditya,Singh,31,Male,India,Maharashtra,Lucknow,HR,1329127,18,2021-07-15,1.23,aditya.singh623@example.com,9094432226
1491,Vivaan,Sharma,34,Female,UK,Delhi,Lucknow,Operations,1328858,10,2022-05-07,4.38,vivaan.sharma1491@example.com,9800857110
340,Aarav,Singh,56,Male,Australia,Delhi,Bangalore,Finance,1328410,16,2015-07-24,2.2,aarav.singh340@example.com,8833519998
24,Krishna,Gupta,39,Male,Canada,Maharashtra,Chennai,Marketing,1327691,1,2022-09-20,2.96,krishna.gupta24@example.com,9745759808
1427,Reyansh,Khan,35,Male,Australia,Tamil Nadu,Delhi,Engineering,1327145,16,2017-12-22,1.1,reyansh.khan1427@example.com,7248672715
892,Aarav,Patel,47,Male,USA,Maharashtra,Lucknow,Marketing,1327110,20,2019-12-21,4.46,aarav.patel892@example.com,7995759880
1923,Reyansh,Khan,51,Male,USA,Tamil Nadu,Bangalore,Sales,1324847,0,2016-09-23,3.98,reyansh.khan1923@example.com,9343483866
1935,Vihaan,Gupta,59,Female,India,Karnataka,Delhi,Engineering,1324067,0,2015-02-18,1.94,vihaan.gupta1935@example.com,7632736438
331,Arjun,Singh,60,Male,Canada,UP,Bangalore,Marketing,1323143,17,2019-09-14,4.97,arjun.singh331@example.com,9550205972
1950,Ishaan,Reddy,53,Male,Canada,Maharashtra,Chennai,HR,1320937,2,2017-12-29,3.87,ishaan.reddy1950@example.com,7958238686
1324,Aarav,Gupta,29,Female,Australia,UP,Lucknow,HR,1320904,16,2020-01-30,1.43,aarav.gupta1324@example.com,9662354330
224,Aarav,Das,52,Male,Canada,Tamil Nadu,Bangalore,Sales,1320298,6,2019-04-13,3.79,aarav.das224@example.com,7967550083
237,Krishna,Nair,54,Male,India,Maharashtra,Hyderabad,Operations,1320269,2,2023-09-30,1.3,krishna.nair237@example.com,8278222476
287,Krishna,Patel,26,Female,UK,Maharashtra,Mumbai,Engineering,1319956,15,2021-09-08,3.17,krishna.patel287@example.com,7367845040
1840,Vihaan,Singh,54,Female,Australia,Tamil Nadu,Chennai,Sales,1318478,1,2021-05-14,4.65,vihaan.singh1840@example.com,8913717573
565,Vihaan,Nair,41,Female,USA,Karnataka,Chennai,Sales,1317560,12,2020-11-24,4.89,vihaan.nair565@example.com,7270473713
527,Ishaan,Das,32,Female,USA,Karnataka,Chennai,Engineering,1317457,19,2023-12-14,2.29,ishaan.das527@example.com,8931172580
1231,Reyansh,Sharma,37,Female,UK,Tamil Nadu,Delhi,Finance,1311914,5,2022-03-16,1.54,reyansh.sharma1231@example.com,8338992247
800,Aditya,Khan,30,Male,UK,Karnataka,Bangalore,Finance,1310059,3,2024-08-09,1.13,aditya.khan800@example.com,7850430244
1002,Aarav,Khan,57,Female,UK,Karnataka,Hyderabad,HR,1309296,7,2018-09-22,3.38,aarav.khan1002@example.com,7452163414
1408,Krishna,Gupta,54,Male,Australia,Karnataka,Mumbai,Finance,1308473,10,2024-08-02,2.56,krishna.gupta1408@example.com,7775458059
1575,Aditya,Khan,47,Female,USA,Delhi,Bangalore,Engineering,1305715,20,2016-03-10,2.43,aditya.khan1575@example.com,8342236289
204,Arjun,Gupta,30,Male,Australia,UP,Delhi,HR,1303733,18,2024-07-29,3.39,arjun.gupta204@example.com,9526475173
1423,Vihaan,Gupta,58,Male,UK,Karnataka,Delhi,Marketing,1302341,9,2020-02-09,4.43,vihaan.gupta1423@example.com,7715329363
1841,Ishaan,Sharma,57,Female,India,Tamil Nadu,Lucknow,Finance,1300407,20,2023-10-04,2,ishaan.sharma1841@example.com,7131108526
1026,Vihaan,Gupta,52,Female,UK,Maharashtra,Delhi,Marketing,1295685,20,2023-02-17,4.85,vihaan.gupta1026@example.com,9230512554
1174,Ishaan,Sharma,21,Male,USA,Delhi,Delhi,Operations,1294903,4,2021-04-27,4.3,ishaan.sharma1174@example.com,7245621812
1292,Sai,Mehta,39,Male,India,Karnataka,Delhi,Marketing,1292873,17,2020-10-27,1.67,sai.mehta1292@example.com,7390703258
726,Arjun,Gupta,45,Female,India,UP,Chennai,Marketing,1291890,12,2023-11-25,4.91,arjun.gupta726@example.com,7167865087
1511,Vihaan,Reddy,39,Female,Australia,Maharashtra,Chennai,HR,1291252,1,2024-02-14,3.84,vihaan.reddy1511@example.com,8864120062
1757,Krishna,Sharma,37,Male,UK,UP,Lucknow,Finance,1289557,5,2019-02-04,4.23,krishna.sharma1757@example.com,7659151454
875,Ishaan,Das,24,Female,USA,Tamil Nadu,Bangalore,Engineering,1289262,7,2023-06-04,1.72,ishaan.das875@example.com,7226756617
232,Kabir,Patel,46,Male,UK,UP,Lucknow,Engineering,1289078,18,2016-11-04,2.91,kabir.patel232@example.com,7618723655
1260,Ishaan,Singh,33,Female,USA,Delhi,Delhi,Operations,1288797,10,2022-03-15,2.45,ishaan.singh1260@example.com,9106581689
373,Krishna,Das,30,Female,Australia,Tamil Nadu,Hyderabad,Marketing,1288772,14,2023-03-23,1.22,krishna.das373@example.com,9242194024
780,Aarav,Nair,27,Male,Australia,Maharashtra,Lucknow,Marketing,1286539,5,2021-05-23,3.13,aarav.nair780@example.com,9122037076
1549,Aarav,Das,44,Female,USA,Karnataka,Hyderabad,Marketing,1285256,15,2023-03-04,3.62,aarav.das1549@example.com,9372945200
1123,Vihaan,Sharma,58,Female,Australia,Karnataka,Hyderabad,Marketing,1284955,6,2024-06-19,4.96,vihaan.sharma1123@example.com,8717900915
1900,Vivaan,Mehta,31,Female,USA,Delhi,Delhi,Sales,1282696,11,2018-11-23,3.06,vivaan.mehta1900@example.com,8965718100
1992,Arjun,Nair,58,Male,UK,UP,Hyderabad,Finance,1282564,0,2015-12-04,1.39,arjun.nair1992@example.com,9645765249
1371,Kabir,Das,25,Male,Australia,Tamil Nadu,Hyderabad,Finance,1281604,3,2018-03-21,3.66,kabir.das1371@example.com,8412066100
464,Ishaan,Reddy,38,Female,Canada,Tamil Nadu,Chennai,HR,1281586,18,2016-08-22,4.65,ishaan.reddy464@example.com,8975017753
1967,Krishna,Gupta,56,Female,USA,Karnataka,Mumbai,Finance,1281054,0,2023-06-25,3.3,krishna.gupta1967@example.com,7048722228
866,Vihaan,Das,57,Male,India,Tamil Nadu,Hyderabad,Engineering,1276944,18,2019-12-18,4.78,vihaan.das866@example.com,8973311518
702,Ishaan,Patel,57,Male,Australia,UP,Delhi,Sales,1276359,11,2019-03-09,4.54,ishaan.patel702@example.com,7460355822
1024,Sai,Patel,45,Female,Canada,Karnataka,Mumbai,Operations,1276036,0,2021-03-04,1.41,sai.patel1024@example.com,9598287377
304,Vihaan,Singh,37,Male,Australia,Karnataka,Hyderabad,Marketing,1275970,19,2016-03-16,2.67,vihaan.singh304@example.com,9844744007
353,Vivaan,Das,45,Male,USA,Delhi,Hyderabad,Engineering,1273334,16,2015-02-20,1.65,vivaan.das353@example.com,7084436381
447,Aarav,Reddy,57,Female,USA,UP,Chennai,Sales,1272553,3,2016-12-28,4.96,aarav.reddy447@example.com,7878631114
964,Krishna,Khan,34,Female,UK,UP,Mumbai,Engineering,1272225,14,2016-08-31,1.63,krishna.khan964@example.com,8738569353
1468,Arjun,Khan,38,Female,Canada,Maharashtra,Mumbai,Sales,1270603,7,2017-03-06,4.7,arjun.khan1468@example.com,8267433339
1805,Ishaan,Patel,49,Male,India,Delhi,Delhi,Operations,1269625,19,2021-12-29,4.27,ishaan.patel1805@example.com,9489051926
539,Krishna,Patel,30,Female,Canada,Maharashtra,Delhi,Finance,1268366,1,2016-07-12,3.65,krishna.patel539@example.com,9153755991
298,Arjun,Sharma,21,Male,UK,Delhi,Lucknow,Operations,1265894,16,2017-02-09,3.54,arjun.sharma298@example.com,9733943397
121,Krishna,Das,30,Male,Australia,Karnataka,Bangalore,Sales,1264805,14,2019-02-05,4.59,krishna.das121@example.com,7650001994
1019,Ishaan,Khan,24,Male,India,Delhi,Delhi,Operations,1263818,18,2023-10-04,3.53,ishaan.khan1019@example.com,9285089506
749,Kabir,Nair,53,Female,USA,Karnataka,Mumbai,Finance,1262091,14,2018-01-03,3.92,kabir.nair749@example.com,9647830029
886,Vihaan,Patel,57,Female,UK,UP,Hyderabad,Engineering,1259372,3,2016-02-07,4.31,vihaan.patel886@example.com,9125660756
1895,Aditya,Verma,45,Male,Australia,Karnataka,Chennai,HR,1258713,14,2021-12-17,3.15,aditya.verma1895@example.com,7532450077
457,Krishna,Patel,51,Female,USA,Maharashtra,Mumbai,Finance,1255088,14,2019-01-31,1.96,krishna.patel457@example.com,9196389869
573,Ishaan,Nair,42,Male,India,Tamil Nadu,Bangalore,Marketing,1254983,5,2018-06-01,2.76,ishaan.nair573@example.com,9766326198
178,Sai,Das,52,Female,India,Karnataka,Mumbai,Engineering,1254359,10,2019-01-21,1.55,sai.das178@example.com,9147119598
967,Krishna,Singh,41,Female,India,Maharashtra,Lucknow,Finance,1251804,0,2024-05-31,2.17,krishna.singh967@example.com,7233868733
293,Vivaan,Gupta,39,Female,USA,Tamil Nadu,Mumbai,Marketing,1251731,15,2020-06-26,1.02,vivaan.gupta293@example.com,7114777441
750,Vivaan,Patel,41,Male,Australia,Karnataka,Chennai,Sales,1251701,15,2019-08-25,2.54,vivaan.patel750@example.com,8549619256
732,Vihaan,Singh,30,Female,India,UP,Hyderabad,Finance,1249921,7,2023-10-11,2.52,vihaan.singh732@example.com,8082492358
1161,Aditya,Khan,32,Female,India,Karnataka,Chennai,Engineering,1249567,8,2022-09-02,4.39,aditya.khan1161@example.com,8420547788
134,Vivaan,Khan,44,Female,USA,Delhi,Mumbai,HR,1247627,12,2022-08-15,1.62,vivaan.khan134@example.com,9731163271
599,Reyansh,Reddy,43,Female,Australia,Delhi,Bangalore,Sales,1246806,15,2019-11-24,2.61,reyansh.reddy599@example.com,9914031017
777,Sai,Reddy,57,Female,India,Tamil Nadu,Lucknow,Finance,1246650,16,2022-08-18,3.51,sai.reddy777@example.com,8980224587
192,Vivaan,Khan,43,Female,India,UP,Bangalore,Marketing,1246476,14,2020-11-25,4.27,vivaan.khan192@example.com,7486928132
1973,Vivaan,Patel,59,Male,UK,Delhi,Delhi,HR,1246129,0,2020-05-02,2.65,vivaan.patel1973@example.com,9871253050
318,Ishaan,Verma,25,Female,USA,Delhi,Chennai,Finance,1245134,6,2021-11-26,2.39,ishaan.verma318@example.com,9591569893
1690,Vihaan,Nair,38,Female,Canada,Tamil Nadu,Chennai,Engineering,1244536,15,2023-04-30,3.24,vihaan.nair1690@example.com,8690121229
321,Sai,Mehta,36,Male,Canada,Karnataka,Chennai,Finance,1243949,2,2024-03-04,3.24,sai.mehta321@example.com,8845883642
598,Arjun,Singh,38,Male,Canada,Maharashtra,Hyderabad,Finance,1243827,4,2021-05-28,4.78,arjun.singh598@example.com,8631581324
445,Ishaan,Singh,22,Male,Canada,Karnataka,Chennai,Finance,1243711,16,2022-01-08,1.56,ishaan.singh445@example.com,7017990210
1218,Aarav,Nair,24,Male,UK,UP,Bangalore,Finance,1241431,18,2024-07-22,2.93,aarav.nair1218@example.com,8604113930
299,Vivaan,Verma,57,Female,Australia,Delhi,Lucknow,Sales,1241119,10,2023-04-12,1.53,vivaan.verma299@example.com,7904248934
350,Arjun,Verma,32,Female,Canada,Karnataka,Bangalore,HR,1238238,20,2020-03-12,2.34,arjun.verma350@example.com,8079837539
99,Ishaan,Singh,59,Male,Canada,Karnataka,Bangalore,Engineering,1237966,11,2016-10-18,4,ishaan.singh99@example.com,8432544197
120,Vihaan,Patel,54,Male,Canada,Maharashtra,Chennai,Marketing,1237129,8,2023-02-02,3.02,vihaan.patel120@example.com,9779212501
78,Arjun,Das,24,Female,Australia,Karnataka,Chennai,HR,1236554,13,2017-01-20,4.88,arjun.das78@example.com,9748222781
872,Kabir,Sharma,55,Female,India,Tamil Nadu,Bangalore,Sales,1236550,18,2021-04-04,4.3,kabir.sharma872@example.com,9150917811
1823,Ishaan,Patel,40,Male,UK,Tamil Nadu,Chennai,HR,1235335,17,2016-09-04,3.05,ishaan.patel1823@example.com,7418632013
1326,Reyansh,Gupta,37,Male,UK,Delhi,Mumbai,Operations,1232446,1,2024-09-15,4.46,reyansh.gupta1326@example.com,8838288805
404,Aditya,Sharma,59,Female,USA,Maharashtra,Delhi,Sales,1231511,11,2016-02-05,2.29,aditya.sharma404@example.com,7284447125
141,Sai,Patel,40,Male,USA,Delhi,Delhi,HR,1229422,8,2020-12-07,4.83,sai.patel141@example.com,9539690408
170,Krishna,Nair,57,Male,India,Tamil Nadu,Bangalore,Sales,1228175,14,2018-06-29,4.23,krishna.nair170@example.com,9289929003
196,Aarav,Nair,38,Male,UK,Karnataka,Hyderabad,Operations,1227969,17,2024-04-11,2.59,aarav.nair196@example.com,8640200493
1533,Vihaan,Sharma,55,Male,Canada,Maharashtra,Bangalore,Engineering,1227425,3,2018-08-08,3.72,vihaan.sharma1533@example.com,9793961222
1175,Aarav,Khan,37,Male,UK,Maharashtra,Hyderabad,Operations,1227105,14,2023-06-24,4.79,aarav.khan1175@example.com,7361226604
497,Ishaan,Nair,30,Female,India,UP,Lucknow,Finance,1224132,16,2022-12-24,1.81,ishaan.nair497@example.com,9942808037
629,Reyansh,Mehta,53,Male,India,Maharashtra,Mumbai,Engineering,1223749,15,2019-01-10,1.81,reyansh.mehta629@example.com,7782404396
1229,Aarav,Khan,54,Male,UK,Karnataka,Delhi,Operations,1222574,13,2018-07-14,4.94,aarav.khan1229@example.com,7653931861
752,Vihaan,Das,57,Female,Australia,Karnataka,Delhi,Marketing,1221332,17,2024-09-08,2.69,vihaan.das752@example.com,8017019804
259,Vihaan,Das,21,Male,India,Karnataka,Mumbai,Sales,1220803,8,2016-12-25,2.57,vihaan.das259@example.com,7042811219
568,Aarav,Gupta,21,Female,Australia,Tamil Nadu,Bangalore,Sales,1220565,1,2021-08-26,3.16,aarav.gupta568@example.com,7370494042
1107,Sai,Das,48,Female,UK,Tamil Nadu,Chennai,Sales,1220375,10,2023-02-13,2.65,sai.das1107@example.com,9480135777
1948,Aarav,Reddy,50,Male,India,UP,Hyderabad,Engineering,1219427,8,2015-01-19,2.89,aarav.reddy1948@example.com,9609357524
922,Kabir,Gupta,28,Male,Canada,UP,Lucknow,HR,1217432,11,2019-01-31,3.81,kabir.gupta922@example.com,9009127904
502,Sai,Verma,46,Female,Canada,Delhi,Mumbai,Finance,1215143,1,2017-07-23,4.91,sai.verma502@example.com,8840268282
28,Aarav,Gupta,28,Male,UK,Karnataka,Hyderabad,HR,1214407,9,2020-07-05,1.73,aarav.gupta28@example.com,9998609307
895,Ishaan,Sharma,27,Female,UK,Karnataka,Hyderabad,Operations,1213827,1,2016-01-06,1.93,ishaan.sharma895@example.com,7725537146
67,Ishaan,Gupta,58,Male,Australia,Tamil Nadu,Mumbai,Engineering,1209506,15,2017-10-26,3.53,ishaan.gupta67@example.com,9961861766
1988,Sai,Nair,27,Female,USA,Delhi,Lucknow,Marketing,1209145,16,2016-08-15,1.16,sai.nair1988@example.com,7843976410
1619,Vihaan,Gupta,31,Male,India,UP,Delhi,Sales,1204713,13,2024-04-09,2.12,vihaan.gupta1619@example.com,9546273264
209,Aarav,Singh,37,Female,Canada,Delhi,Hyderabad,Marketing,1204546,18,2024-05-07,1.92,aarav.singh209@example.com,9238924159
261,Aditya,Singh,56,Male,USA,Maharashtra,Delhi,Marketing,1203998,4,2019-09-20,2.22,aditya.singh261@example.com,7922267584
1182,Aarav,Patel,43,Female,India,Maharashtra,Mumbai,Finance,1203859,15,2017-01-02,2.27,aarav.patel1182@example.com,9986554276
223,Vivaan,Das,50,Male,Canada,Karnataka,Lucknow,Marketing,1203466,15,2024-02-01,4.15,vivaan.das223@example.com,7114485424
608,Aarav,Patel,60,Male,Australia,Maharashtra,Mumbai,HR,1201996,7,2020-02-14,1.04,aarav.patel608@example.com,8596837051
738,Aditya,Patel,41,Female,Canada,Delhi,Lucknow,HR,1201810,20,2019-03-21,4.57,aditya.patel738@example.com,7204644119
909,Arjun,Das,26,Male,Australia,Tamil Nadu,Chennai,Sales,1200529,19,2022-09-12,2.64,arjun.das909@example.com,8957987286
1548,Kabir,Patel,31,Female,Australia,Delhi,Bangalore,HR,1200497,9,2015-03-06,3.44,kabir.patel1548@example.com,8640300065
1561,Aarav,Nair,22,Female,UK,UP,Bangalore,Sales,1200443,13,2017-03-16,1.76,aarav.nair1561@example.com,7038512390
1926,Aarav,Verma,31,Female,Canada,Maharashtra,Chennai,Marketing,1199713,13,2023-12-15,1.23,aarav.verma1926@example.com,8920339627
1882,Aditya,Nair,21,Male,India,Tamil Nadu,Lucknow,Engineering,1195904,10,2024-02-24,4.43,aditya.nair1882@example.com,8883727511
1223,Vihaan,Sharma,25,Female,Canada,Maharashtra,Mumbai,Finance,1194387,17,2023-03-13,3.92,vihaan.sharma1223@example.com,7166391269
235,Aarav,Reddy,46,Male,USA,UP,Mumbai,HR,1194115,19,2023-09-15,2.81,aarav.reddy235@example.com,8359213168
282,Vivaan,Mehta,38,Male,USA,Karnataka,Hyderabad,HR,1193932,16,2017-09-22,3.68,vivaan.mehta282@example.com,7413233697
450,Reyansh,Nair,60,Male,UK,UP,Lucknow,Operations,1191962,17,2022-06-16,2.22,reyansh.nair450@example.com,7497855274
507,Ishaan,Patel,40,Male,Australia,Karnataka,Delhi,Finance,1189147,1,2022-11-01,3.47,ishaan.patel507@example.com,9292734531
334,Vivaan,Sharma,46,Male,UK,UP,Mumbai,Finance,1187277,2,2019-03-20,3.01,vivaan.sharma334@example.com,9934944418
831,Aarav,Patel,34,Female,India,Maharashtra,Chennai,HR,1186524,6,2016-01-02,3.81,aarav.patel831@example.com,9945540618
316,Aarav,Das,31,Male,India,Karnataka,Delhi,Sales,1185626,1,2022-06-09,2.56,aarav.das316@example.com,9266616158
415,Sai,Singh,31,Female,India,Karnataka,Hyderabad,Sales,1182302,10,2020-02-26,1.03,sai.singh415@example.com,7758021666
1914,Kabir,Mehta,31,Male,India,Maharashtra,Lucknow,Engineering,1181684,9,2018-12-10,4.24,kabir.mehta1914@example.com,7023566328
679,Krishna,Reddy,56,Female,UK,Delhi,Chennai,HR,1181063,14,2021-05-12,2.02,krishna.reddy679@example.com,9259358611
936,Reyansh,Sharma,49,Female,Australia,Maharashtra,Hyderabad,Finance,1180584,1,2021-09-28,3.48,reyansh.sharma936@example.com,8371885709
1768,Kabir,Das,38,Female,Canada,Karnataka,Chennai,Finance,1178582,11,2021-10-26,4.42,kabir.das1768@example.com,7934649736
1312,Arjun,Khan,29,Male,Australia,UP,Chennai,Finance,1177677,1,2020-03-08,4.7,arjun.khan1312@example.com,7099657018
1842,Reyansh,Nair,37,Male,Australia,UP,Lucknow,Engineering,1175854,7,2020-04-18,3.58,reyansh.nair1842@example.com,9414940151
694,Krishna,Nair,52,Male,Canada,Delhi,Delhi,Sales,1174215,5,2018-11-04,3.44,krishna.nair694@example.com,7054367609
341,Aarav,Nair,35,Male,USA,Karnataka,Chennai,Finance,1173680,3,2016-10-24,4.67,aarav.nair341@example.com,8108352219
1462,Sai,Mehta,59,Female,Canada,UP,Mumbai,Finance,1172178,18,2018-01-05,4.8,sai.mehta1462@example.com,9777463080
834,Vivaan,Patel,30,Male,Australia,Maharashtra,Lucknow,Marketing,1171969,4,2016-09-22,1.66,vivaan.patel834@example.com,7330255015
217,Ishaan,Das,52,Female,Australia,Tamil Nadu,Mumbai,Engineering,1168114,7,2023-12-21,3.58,ishaan.das217@example.com,7414694084
269,Arjun,Mehta,52,Female,USA,Delhi,Lucknow,Finance,1165746,18,2019-05-08,2.21,arjun.mehta269@example.com,8616166269
1985,Aditya,Singh,44,Male,India,Delhi,Hyderabad,Finance,1163406,2,2016-12-10,1.36,aditya.singh1985@example.com,9966679002
1188,Ishaan,Patel,53,Female,India,Tamil Nadu,Chennai,Finance,1163368,8,2024-09-24,3.82,ishaan.patel1188@example.com,9034738400
1983,Krishna,Khan,46,Male,Canada,Maharashtra,Hyderabad,HR,1162479,6,2021-05-28,3.6,krishna.khan1983@example.com,7351052102
1640,Ishaan,Das,29,Male,Canada,Maharashtra,Lucknow,Marketing,1162465,4,2016-10-07,3.26,ishaan.das1640@example.com,8246944186
1829,Kabir,Mehta,44,Male,India,Karnataka,Chennai,Finance,1161675,6,2021-10-08,1.68,kabir.mehta1829@example.com,7365177179
66,Ishaan,Mehta,39,Female,Canada,UP,Chennai,Marketing,1160649,18,2019-05-27,4.95,ishaan.mehta66@example.com,8966915994
338,Aarav,Patel,22,Male,USA,Tamil Nadu,Mumbai,Marketing,1159641,12,2015-03-28,3.61,aarav.patel338@example.com,8867600607
1615,Aditya,Reddy,58,Male,UK,Karnataka,Delhi,Operations,1159331,15,2019-10-06,3.51,aditya.reddy1615@example.com,9580931158
189,Krishna,Gupta,24,Female,USA,Maharashtra,Hyderabad,Sales,1159022,8,2018-07-04,1.85,krishna.gupta189@example.com,7112669493
496,Reyansh,Patel,56,Male,UK,Karnataka,Mumbai,Marketing,1155130,5,2015-12-17,2.85,reyansh.patel496@example.com,9677808049
1296,Kabir,Das,26,Female,Canada,Delhi,Lucknow,Finance,1154553,20,2020-03-05,4.27,kabir.das1296@example.com,9626382992
135,Aarav,Verma,47,Male,India,Tamil Nadu,Lucknow,Finance,1153747,13,2017-08-18,1.28,aarav.verma135@example.com,8923980524
1617,Arjun,Sharma,43,Female,Canada,UP,Bangalore,Marketing,1153473,3,2015-05-17,4.6,arjun.sharma1617@example.com,7232779650
1364,Vivaan,Nair,39,Female,Australia,Delhi,Chennai,Operations,1152696,13,2018-09-14,3.71,vivaan.nair1364@example.com,7497636139
1389,Kabir,Patel,33,Male,Australia,Karnataka,Lucknow,Marketing,1152205,10,2022-02-10,3.57,kabir.patel1389@example.com,9044440938
1601,Aarav,Reddy,21,Male,Australia,Tamil Nadu,Lucknow,Operations,1152054,3,2020-01-23,4.91,aarav.reddy1601@example.com,7086880919
422,Kabir,Sharma,54,Male,USA,Karnataka,Lucknow,Operations,1151697,17,2021-07-19,1.59,kabir.sharma422@example.com,9152694539
429,Vivaan,Gupta,50,Male,Canada,Delhi,Lucknow,Engineering,1151370,7,2020-06-15,3.6,vivaan.gupta429@example.com,8013712776
1808,Kabir,Khan,29,Female,UK,Maharashtra,Lucknow,Marketing,1151166,6,2023-12-06,1.93,kabir.khan1808@example.com,9431484590
8,Reyansh,Patel,33,Female,USA,UP,Chennai,Marketing,1150258,10,2018-10-06,4.63,reyansh.patel8@example.com,7856248070
791,Ishaan,Nair,35,Male,Canada,UP,Mumbai,HR,1149602,13,2020-01-27,4.45,ishaan.nair791@example.com,8205519724
1131,Aarav,Sharma,25,Male,USA,Maharashtra,Bangalore,Marketing,1148544,13,2024-08-14,4.9,aarav.sharma1131@example.com,7125531026
1361,Arjun,Das,35,Male,UK,Karnataka,Lucknow,Marketing,1148264,16,2019-09-15,1.92,arjun.das1361@example.com,9440379748
793,Kabir,Singh,48,Male,Australia,Maharashtra,Chennai,Engineering,1146474,15,2019-05-08,3.37,kabir.singh793@example.com,7415650175
989,Vihaan,Reddy,45,Female,Canada,Maharashtra,Bangalore,Sales,1144810,11,2021-08-07,1.77,vihaan.reddy989@example.com,9618946202
467,Aarav,Verma,30,Male,UK,Maharashtra,Delhi,HR,1143829,14,2015-10-02,2.15,aarav.verma467@example.com,8091743238
1755,Ishaan,Nair,24,Female,India,Karnataka,Chennai,Operations,1142978,3,2021-08-08,4.18,ishaan.nair1755@example.com,7140488307
72,Reyansh,Das,27,Female,Canada,Delhi,Mumbai,HR,1142182,18,2018-02-21,1.83,reyansh.das72@example.com,9549286570
972,Aditya,Reddy,39,Female,Australia,Karnataka,Chennai,Finance,1138802,5,2017-05-16,1.19,aditya.reddy972@example.com,9720776565
913,Vihaan,Khan,51,Female,Canada,UP,Chennai,HR,1138678,4,2016-10-10,4.39,vihaan.khan913@example.com,7719446382
472,Krishna,Singh,38,Female,India,UP,Hyderabad,Operations,1138281,13,2024-08-04,2.14,krishna.singh472@example.com,8254293376
1830,Aarav,Patel,45,Female,India,Karnataka,Delhi,Marketing,1132910,13,2018-01-17,4.93,aarav.patel1830@example.com,9769032673
1358,Vihaan,Das,49,Male,USA,Delhi,Chennai,Sales,1132683,20,2023-07-05,1.84,vihaan.das1358@example.com,8288462203
1106,Vihaan,Singh,31,Male,Australia,UP,Lucknow,Finance,1132645,14,2022-11-12,2.7,vihaan.singh1106@example.com,7520898806
1449,Kabir,Patel,54,Female,Australia,Delhi,Chennai,Finance,1131937,9,2018-10-03,1.61,kabir.patel1449@example.com,9306187072
1836,Reyansh,Das,32,Male,UK,Karnataka,Hyderabad,Finance,1130375,0,2023-01-19,1.05,reyansh.das1836@example.com,8700999113
1332,Aarav,Sharma,28,Male,India,Delhi,Bangalore,Finance,1130163,12,2022-08-07,3.43,aarav.sharma1332@example.com,9668638383
1341,Kabir,Mehta,32,Male,Australia,Maharashtra,Lucknow,Sales,1126962,14,2015-05-26,4.76,kabir.mehta1341@example.com,8632406878
1202,Vihaan,Das,22,Female,UK,UP,Lucknow,Engineering,1125225,3,2018-11-28,3.37,vihaan.das1202@example.com,8848435411
1448,Vihaan,Khan,42,Male,India,Maharashtra,Bangalore,Operations,1124566,18,2015-09-07,2.68,vihaan.khan1448@example.com,9383124934
839,Sai,Singh,44,Male,Canada,Tamil Nadu,Mumbai,Sales,1124357,7,2021-11-10,3.15,sai.singh839@example.com,8589309565
1351,Arjun,Khan,23,Male,India,Delhi,Chennai,Marketing,1123685,13,2021-01-15,3.56,arjun.khan1351@example.com,9158017291
1287,Reyansh,Reddy,37,Male,UK,Tamil Nadu,Delhi,Marketing,1123662,4,2018-02-22,2.89,reyansh.reddy1287@example.com,7787142038
494,Aarav,Sharma,33,Male,UK,Karnataka,Lucknow,Marketing,1123638,17,2017-03-21,2.33,aarav.sharma494@example.com,7551561899
1285,Vihaan,Verma,21,Male,Australia,Delhi,Bangalore,Engineering,1120545,7,2020-10-22,4.99,vihaan.verma1285@example.com,7191318061
1363,Krishna,Nair,50,Female,USA,Delhi,Hyderabad,Engineering,1119565,3,2019-04-17,2.73,krishna.nair1363@example.com,8574602123
1673,Sai,Patel,22,Male,India,Delhi,Bangalore,HR,1118567,5,2022-04-26,4.55,sai.patel1673@example.com,9804659555
356,Vivaan,Singh,34,Female,India,Maharashtra,Lucknow,Marketing,1117848,9,2018-07-02,4.42,vivaan.singh356@example.com,8465415079
1092,Kabir,Patel,30,Male,USA,Karnataka,Hyderabad,Sales,1116324,0,2023-07-01,4.62,kabir.patel1092@example.com,9319230575
1714,Sai,Singh,34,Male,Australia,Tamil Nadu,Chennai,Marketing,1114992,10,2020-07-09,2.04,sai.singh1714@example.com,8339299165
1226,Ishaan,Singh,48,Female,Australia,Karnataka,Lucknow,HR,1112650,18,2021-03-10,3.82,ishaan.singh1226@example.com,9407151963
1372,Reyansh,Verma,27,Male,Australia,Maharashtra,Hyderabad,HR,1111036,1,2021-04-18,4.5,reyansh.verma1372@example.com,7208471634
1373,Kabir,Mehta,52,Male,UK,Karnataka,Delhi,Engineering,1110070,10,2017-05-26,3.5,kabir.mehta1373@example.com,8708875538
802,Reyansh,Reddy,41,Male,India,Delhi,Lucknow,Engineering,1109043,14,2019-05-25,2.42,reyansh.reddy802@example.com,9094579005
1125,Aarav,Das,43,Male,USA,Karnataka,Chennai,Marketing,1107988,10,2024-05-26,4.77,aarav.das1125@example.com,8338541477
911,Aditya,Reddy,54,Male,USA,Maharashtra,Mumbai,Sales,1107825,20,2017-03-23,2.6,aditya.reddy911@example.com,8243333332
1655,Arjun,Mehta,27,Female,UK,Maharashtra,Hyderabad,Marketing,1107209,12,2016-05-27,4.47,arjun.mehta1655@example.com,9398062492
511,Reyansh,Gupta,36,Male,Australia,Delhi,Delhi,Sales,1106343,9,2017-07-15,4.63,reyansh.gupta511@example.com,7527683747
908,Kabir,Das,27,Female,Canada,Maharashtra,Bangalore,HR,1105312,14,2016-01-30,1.3,kabir.das908@example.com,9187012848
1320,Reyansh,Das,50,Male,India,Tamil Nadu,Bangalore,HR,1104932,4,2019-01-15,3.42,reyansh.das1320@example.com,9834735865
1428,Vihaan,Singh,28,Female,India,Delhi,Lucknow,HR,1103327,19,2015-11-28,2.4,vihaan.singh1428@example.com,8413940918
611,Krishna,Nair,41,Female,India,Karnataka,Hyderabad,Operations,1102851,5,2021-07-14,4.82,krishna.nair611@example.com,7447445189
693,Kabir,Gupta,58,Male,Australia,Tamil Nadu,Delhi,Engineering,1102536,0,2021-12-17,4.55,kabir.gupta693@example.com,8089458684
1426,Kabir,Sharma,44,Male,Australia,Delhi,Lucknow,Sales,1101605,11,2016-02-09,2.66,kabir.sharma1426@example.com,8107873400
1888,Vihaan,Nair,41,Male,Australia,Tamil Nadu,Mumbai,Marketing,1100697,14,2023-11-16,4.89,vihaan.nair1888@example.com,8549313451
775,Krishna,Singh,53,Female,India,Tamil Nadu,Delhi,Operations,1100364,17,2022-09-30,3.65,krishna.singh775@example.com,8490704477
1018,Vivaan,Reddy,55,Male,USA,Delhi,Delhi,Marketing,1100166,4,2022-09-24,2.93,vivaan.reddy1018@example.com,7750887432
1499,Arjun,Sharma,59,Male,UK,Tamil Nadu,Mumbai,Marketing,1095476,2,2021-12-11,3.02,arjun.sharma1499@example.com,7259937680
339,Vihaan,Singh,41,Male,Canada,Tamil Nadu,Chennai,HR,1095333,6,2023-03-14,2.75,vihaan.singh339@example.com,8252313713
52,Sai,Mehta,25,Male,UK,Maharashtra,Delhi,Engineering,1093971,3,2017-05-06,4.91,sai.mehta52@example.com,8453157075
1450,Sai,Das,55,Female,USA,Delhi,Bangalore,Sales,1091764,6,2021-12-05,4.51,sai.das1450@example.com,7794723841
658,Vihaan,Mehta,60,Female,UK,Karnataka,Mumbai,HR,1091652,19,2018-12-29,4.27,vihaan.mehta658@example.com,8771199220
662,Sai,Gupta,21,Female,Australia,Tamil Nadu,Lucknow,Engineering,1091402,20,2024-02-03,4.54,sai.gupta662@example.com,7216007477
461,Arjun,Verma,59,Female,India,Delhi,Delhi,Operations,1091299,9,2023-05-11,2.63,arjun.verma461@example.com,9651121098
1143,Aarav,Das,47,Male,Australia,Tamil Nadu,Delhi,Engineering,1090021,18,2020-01-05,1.18,aarav.das1143@example.com,8903725590
1814,Sai,Mehta,51,Female,Australia,UP,Lucknow,Operations,1089903,1,2016-12-05,4.25,sai.mehta1814@example.com,8442322214
1911,Vihaan,Khan,54,Female,UK,UP,Mumbai,Finance,1089450,20,2016-11-14,2.45,vihaan.khan1911@example.com,9836975500
535,Vihaan,Sharma,44,Male,UK,Delhi,Lucknow,Finance,1087724,19,2021-08-31,1.18,vihaan.sharma535@example.com,8176982720
346,Sai,Verma,43,Female,Canada,Delhi,Bangalore,Sales,1086478,8,2019-09-28,2.83,sai.verma346@example.com,9107473789
229,Aditya,Das,34,Female,UK,Karnataka,Chennai,Sales,1085833,6,2019-01-21,4.37,aditya.das229@example.com,9005485761
264,Vihaan,Mehta,49,Female,USA,UP,Chennai,Operations,1085394,14,2023-02-16,1.09,vihaan.mehta264@example.com,7361439088
1496,Arjun,Das,21,Male,UK,Delhi,Bangalore,Engineering,1083334,20,2019-09-20,4.72,arjun.das1496@example.com,8064112706
1391,Ishaan,Gupta,59,Male,USA,Karnataka,Hyderabad,Marketing,1081602,1,2018-12-23,2.45,ishaan.gupta1391@example.com,9762268889
1102,Krishna,Mehta,22,Male,Australia,Tamil Nadu,Bangalore,Engineering,1080862,14,2017-01-08,2.84,krishna.mehta1102@example.com,8958619900
905,Arjun,Sharma,37,Male,USA,UP,Bangalore,Engineering,1077702,8,2019-07-04,2.19,arjun.sharma905@example.com,9832978795
368,Vivaan,Sharma,23,Female,Canada,UP,Chennai,Engineering,1076817,1,2020-09-10,1.83,vivaan.sharma368@example.com,8468323881
675,Arjun,Das,21,Male,Canada,Delhi,Delhi,Sales,1075929,3,2017-08-16,2.79,arjun.das675@example.com,9387397982
1323,Aarav,Verma,50,Female,Canada,Maharashtra,Chennai,Engineering,1075251,15,2017-02-16,4.52,aarav.verma1323@example.com,9384650342
239,Aarav,Gupta,43,Female,India,UP,Delhi,Finance,1074637,1,2018-05-14,1.26,aarav.gupta239@example.com,9302950894
1912,Aarav,Mehta,51,Male,UK,Karnataka,Hyderabad,HR,1074354,2,2017-08-18,3.38,aarav.mehta1912@example.com,9317657222
1712,Reyansh,Khan,34,Male,UK,Maharashtra,Delhi,Sales,1073758,18,2021-03-18,1.48,reyansh.khan1712@example.com,7130640239
1012,Aarav,Mehta,21,Male,UK,Maharashtra,Mumbai,Sales,1073473,3,2019-08-07,2.79,aarav.mehta1012@example.com,7515601115
1251,Kabir,Reddy,53,Female,Canada,Karnataka,Lucknow,Engineering,1072644,16,2020-08-24,3.32,kabir.reddy1251@example.com,9402900565
466,Vivaan,Nair,41,Female,India,Delhi,Lucknow,Marketing,1070813,19,2023-07-29,1.51,vivaan.nair466@example.com,7915083866
1269,Reyansh,Khan,56,Male,India,Tamil Nadu,Bangalore,Engineering,1070749,4,2015-12-20,4.39,reyansh.khan1269@example.com,8497362690
1455,Aarav,Singh,44,Male,Australia,Delhi,Mumbai,Sales,1069000,6,2024-04-01,4.23,aarav.singh1455@example.com,9753661401
953,Krishna,Khan,46,Female,Australia,UP,Bangalore,Marketing,1068399,4,2020-02-20,2.37,krishna.khan953@example.com,8588020512
250,Sai,Verma,45,Female,Australia,Delhi,Lucknow,Operations,1068116,19,2021-11-04,4.51,sai.verma250@example.com,8002859261
206,Reyansh,Patel,52,Female,India,Maharashtra,Mumbai,Operations,1067289,5,2020-09-21,2.43,reyansh.patel206@example.com,9009951321
1936,Krishna,Singh,25,Male,USA,UP,Lucknow,Engineering,1065851,18,2019-07-06,1.52,krishna.singh1936@example.com,7417033394
596,Ishaan,Verma,21,Female,UK,Maharashtra,Delhi,Sales,1064563,18,2017-10-17,1.67,ishaan.verma596@example.com,9285986346
782,Krishna,Nair,30,Male,India,Karnataka,Lucknow,Operations,1063322,2,2024-01-07,4.02,krishna.nair782@example.com,9904842240
1375,Ishaan,Mehta,29,Female,India,Karnataka,Delhi,Finance,1062519,17,2019-05-31,1.11,ishaan.mehta1375@example.com,7408424215
1128,Vihaan,Mehta,27,Male,India,Delhi,Mumbai,Finance,1061266,4,2018-05-30,2.59,vihaan.mehta1128@example.com,7424723955
1207,Arjun,Sharma,37,Male,India,UP,Bangalore,Operations,1059696,19,2018-05-01,1.22,arjun.sharma1207@example.com,7995222040
1264,Vihaan,Reddy,57,Male,India,Delhi,Mumbai,Finance,1059387,17,2024-11-11,2.39,vihaan.reddy1264@example.com,8387466456
1380,Kabir,Verma,53,Female,UK,Tamil Nadu,Bangalore,Marketing,1057719,16,2019-02-07,2.62,kabir.verma1380@example.com,9917735467
1537,Kabir,Patel,33,Male,UK,UP,Bangalore,Marketing,1056661,12,2017-06-23,3.53,kabir.patel1537@example.com,8445612240
1422,Ishaan,Khan,32,Female,USA,Karnataka,Mumbai,Operations,1054129,3,2019-06-15,2.1,ishaan.khan1422@example.com,8482104637
1800,Kabir,Sharma,55,Female,USA,Maharashtra,Bangalore,HR,1053173,5,2020-09-11,2.41,kabir.sharma1800@example.com,8425743449
247,Kabir,Sharma,28,Female,USA,Delhi,Delhi,Operations,1052133,16,2022-09-28,4.62,kabir.sharma247@example.com,8660249883
1717,Arjun,Mehta,58,Male,UK,Tamil Nadu,Hyderabad,HR,1051492,7,2020-05-01,2.82,arjun.mehta1717@example.com,8825518036
1534,Vihaan,Singh,60,Female,Canada,Karnataka,Mumbai,HR,1050460,11,2016-09-19,1.87,vihaan.singh1534@example.com,7021531615
1056,Aarav,Reddy,57,Female,USA,Maharashtra,Delhi,Marketing,1050228,13,2022-06-04,1.84,aarav.reddy1056@example.com,7004729881
1850,Reyansh,Verma,32,Female,India,Karnataka,Mumbai,Engineering,1049072,2,2022-02-21,4.33,reyansh.verma1850@example.com,8266091680
1199,Aarav,Das,27,Male,USA,Tamil Nadu,Hyderabad,Operations,1048329,1,2019-06-15,2.43,aarav.das1199@example.com,7243110996
783,Ishaan,Singh,45,Female,India,Delhi,Bangalore,Engineering,1047123,1,2019-07-27,3.99,ishaan.singh783@example.com,7861378471
1866,Ishaan,Nair,47,Male,UK,Karnataka,Chennai,Sales,1043961,19,2015-11-18,3.25,ishaan.nair1866@example.com,8679005262
883,Reyansh,Gupta,38,Female,Canada,Delhi,Hyderabad,Finance,1043899,13,2022-03-22,4.11,reyansh.gupta883@example.com,9487244621
1583,Aditya,Nair,47,Male,Canada,UP,Mumbai,Marketing,1043432,5,2022-11-06,3.93,aditya.nair1583@example.com,9713402070
678,Ishaan,Reddy,25,Female,Canada,Tamil Nadu,Delhi,Engineering,1042113,14,2017-04-26,2.27,ishaan.reddy678@example.com,8338638146
413,Ishaan,Khan,50,Male,UK,Tamil Nadu,Delhi,Engineering,1041860,14,2016-12-02,4.91,ishaan.khan413@example.com,9771334008
711,Vihaan,Sharma,54,Male,India,Maharashtra,Hyderabad,Marketing,1041569,1,2020-07-30,2.24,vihaan.sharma711@example.com,7788791743
1693,Kabir,Mehta,50,Male,USA,Maharashtra,Mumbai,Sales,1041458,14,2024-09-20,1.89,kabir.mehta1693@example.com,7456792811
1953,Krishna,Mehta,52,Male,Canada,Maharashtra,Chennai,HR,1041291,16,2016-04-24,1.97,krishna.mehta1953@example.com,7305277160
1484,Vihaan,Das,60,Male,USA,UP,Mumbai,Sales,1040907,11,2022-04-18,3.29,vihaan.das1484@example.com,9900549022
807,Sai,Reddy,35,Female,USA,Maharashtra,Mumbai,HR,1036465,1,2024-10-19,3.82,sai.reddy807@example.com,7427532451
719,Aditya,Singh,30,Male,USA,Maharashtra,Mumbai,HR,1036328,6,2016-04-24,3.66,aditya.singh719@example.com,7952580493
1929,Arjun,Nair,59,Male,India,UP,Mumbai,Engineering,1035530,5,2018-07-29,2.51,arjun.nair1929@example.com,7375919392
1565,Vihaan,Gupta,46,Female,Australia,Maharashtra,Chennai,Finance,1034782,0,2020-06-15,4.7,vihaan.gupta1565@example.com,7567324941
1302,Kabir,Patel,26,Male,USA,UP,Bangalore,HR,1032514,5,2018-05-20,3.68,kabir.patel1302@example.com,7865227842
1654,Vihaan,Sharma,60,Female,USA,UP,Bangalore,Engineering,1030521,13,2021-03-07,4.31,vihaan.sharma1654@example.com,7115597425
1731,Krishna,Singh,46,Male,USA,Maharashtra,Bangalore,Sales,1028635,13,2015-10-12,3.09,krishna.singh1731@example.com,9796092051
1187,Ishaan,Nair,51,Male,Australia,UP,Mumbai,Engineering,1025433,4,2023-04-10,4.22,ishaan.nair1187@example.com,7068320260
1870,Kabir,Nair,32,Male,Canada,Tamil Nadu,Chennai,Sales,1025236,11,2017-11-28,3.81,kabir.nair1870@example.com,9303582299
1134,Vivaan,Gupta,43,Male,UK,UP,Mumbai,Marketing,1024099,18,2017-06-13,4.07,vivaan.gupta1134@example.com,8117369230
1526,Aditya,Gupta,40,Male,USA,UP,Bangalore,Sales,1023973,0,2019-06-21,4.35,aditya.gupta1526@example.com,9158334056
666,Krishna,Das,48,Female,Australia,Tamil Nadu,Lucknow,HR,1023765,5,2016-05-14,3.7,krishna.das666@example.com,8828100887
544,Krishna,Gupta,46,Female,Australia,Delhi,Chennai,Engineering,1023561,1,2018-05-19,1.76,krishna.gupta544@example.com,7628151180
1954,Aarav,Gupta,28,Male,India,Karnataka,Lucknow,Operations,1022739,11,2020-04-02,1.28,aarav.gupta1954@example.com,7580213214
1715,Reyansh,Reddy,23,Female,India,Maharashtra,Bangalore,Operations,1022473,18,2015-04-14,4.68,reyansh.reddy1715@example.com,9498271771
769,Krishna,Reddy,58,Female,Canada,Delhi,Delhi,Finance,1019560,14,2018-02-14,2.04,krishna.reddy769@example.com,9878902143
1656,Sai,Nair,44,Male,Australia,Karnataka,Chennai,Sales,1019315,5,2020-01-24,1.18,sai.nair1656@example.com,7368096088
151,Kabir,Khan,43,Female,USA,Delhi,Lucknow,Engineering,1018906,1,2016-07-11,1.14,kabir.khan151@example.com,9538425882
1083,Aarav,Singh,37,Female,USA,Maharashtra,Mumbai,Engineering,1017329,17,2018-08-02,3.49,aarav.singh1083@example.com,7722959098
519,Reyansh,Khan,22,Female,India,Delhi,Delhi,Finance,1016871,18,2020-07-27,2.75,reyansh.khan519@example.com,8799074505
1867,Arjun,Patel,44,Male,UK,Maharashtra,Lucknow,HR,1014943,6,2023-01-04,2.05,arjun.patel1867@example.com,9718155977
1258,Aditya,Reddy,46,Male,Australia,Maharashtra,Lucknow,Operations,1014001,12,2021-04-19,3.04,aditya.reddy1258@example.com,8814314399
1441,Aditya,Verma,60,Female,Australia,UP,Hyderabad,Sales,1013517,2,2021-05-11,1.02,aditya.verma1441@example.com,7665682136
408,Kabir,Gupta,31,Female,Canada,Tamil Nadu,Hyderabad,Engineering,1011538,10,2019-09-24,1.27,kabir.gupta408@example.com,8956663106
426,Reyansh,Nair,30,Female,Australia,Tamil Nadu,Bangalore,Engineering,1010643,19,2018-01-15,4.56,reyansh.nair426@example.com,7164810030
384,Aditya,Nair,50,Female,Australia,Maharashtra,Bangalore,HR,1008935,14,2022-02-24,3.89,aditya.nair384@example.com,8372107136
633,Kabir,Mehta,27,Female,Canada,Tamil Nadu,Bangalore,Operations,1006917,11,2015-12-28,1.37,kabir.mehta633@example.com,8003074749
1741,Aditya,Patel,30,Male,Canada,Tamil Nadu,Lucknow,Marketing,1006553,15,2022-06-15,1.44,aditya.patel1741@example.com,8723445015
595,Sai,Sharma,55,Male,Canada,Maharashtra,Lucknow,Engineering,1003083,18,2020-11-18,3.09,sai.sharma595@example.com,9712997706
1577,Ishaan,Singh,48,Female,USA,Delhi,Mumbai,Finance,1000758,13,2021-11-26,4.17,ishaan.singh1577@example.com,7325001701
1023,Aditya,Mehta,43,Male,Australia,Tamil Nadu,Hyderabad,Marketing,1000649,17,2019-12-29,4.74,aditya.mehta1023@example.com,8921745408
1957,Aarav,Patel,45,Male,USA,UP,Lucknow,Sales,1000282,20,2022-12-05,1.13,aarav.patel1957@example.com,9268096101
1580,Vivaan,Khan,47,Male,Canada,Tamil Nadu,Bangalore,Marketing,999539,1,2016-02-20,4.23,vivaan.khan1580@example.com,9496912281
412,Vihaan,Sharma,33,Male,UK,UP,Lucknow,Finance,999146,6,2017-10-28,3.21,vihaan.sharma412@example.com,7732778738
1904,Ishaan,Gupta,23,Female,Canada,UP,Bangalore,HR,998734,15,2020-01-11,4.12,ishaan.gupta1904@example.com,8781333749
1490,Ishaan,Mehta,32,Female,Australia,Delhi,Mumbai,Finance,998334,12,2020-05-20,4.47,ishaan.mehta1490@example.com,7373836227
1997,Vihaan,Verma,40,Female,India,Karnataka,Delhi,Finance,998147,16,2020-08-29,1.2,vihaan.verma1997@example.com,9368487880
1941,Kabir,Reddy,22,Male,Canada,Tamil Nadu,Delhi,Sales,995329,20,2022-03-09,3.08,kabir.reddy1941@example.com,9009657195
1772,Krishna,Khan,45,Female,USA,Delhi,Hyderabad,Marketing,995301,6,2015-08-09,2.53,krishna.khan1772@example.com,9609330308
1696,Aditya,Mehta,53,Female,Australia,UP,Chennai,Engineering,993597,8,2022-10-06,2.75,aditya.mehta1696@example.com,7854361611
1087,Arjun,Khan,49,Female,Australia,Maharashtra,Lucknow,Engineering,992521,16,2023-06-12,1.01,arjun.khan1087@example.com,9297241898
1318,Aditya,Reddy,36,Male,USA,Maharashtra,Mumbai,Operations,992180,0,2021-10-24,1.14,aditya.reddy1318@example.com,8887529688
1124,Arjun,Gupta,38,Male,India,UP,Bangalore,Marketing,991893,8,2023-01-02,3.9,arjun.gupta1124@example.com,9137212226
947,Arjun,Nair,28,Male,USA,UP,Bangalore,HR,990821,15,2017-05-24,4.65,arjun.nair947@example.com,7532561738
984,Krishna,Khan,37,Male,India,Delhi,Mumbai,HR,986761,5,2015-08-19,3.74,krishna.khan984@example.com,9697748250
1996,Sai,Verma,33,Male,India,Maharashtra,Mumbai,Engineering,985177,1,2019-03-31,3.42,sai.verma1996@example.com,7017088593
960,Kabir,Singh,28,Male,UK,Tamil Nadu,Hyderabad,Operations,985168,16,2018-11-20,3.45,kabir.singh960@example.com,9313732426
284,Aarav,Mehta,42,Female,UK,Maharashtra,Mumbai,HR,984417,12,2022-12-15,4.88,aarav.mehta284@example.com,8184711695
1186,Aarav,Gupta,49,Female,Australia,Delhi,Hyderabad,Finance,982488,11,2016-05-01,3.27,aarav.gupta1186@example.com,8278324307
1146,Ishaan,Gupta,37,Male,USA,Delhi,Bangalore,Operations,981964,11,2016-03-06,4.47,ishaan.gupta1146@example.com,9925584120
226,Krishna,Das,43,Female,USA,Maharashtra,Hyderabad,Engineering,980927,7,2023-08-31,4.04,krishna.das226@example.com,9604145437
965,Vivaan,Khan,22,Male,India,Karnataka,Delhi,Sales,980883,12,2015-01-13,4.5,vivaan.khan965@example.com,7778968139
301,Reyansh,Reddy,32,Male,UK,Delhi,Bangalore,Marketing,980373,11,2018-09-19,1.88,reyansh.reddy301@example.com,8228412004
1210,Sai,Das,53,Male,USA,Tamil Nadu,Chennai,Operations,979782,9,2023-10-08,3.52,sai.das1210@example.com,8979821336
1790,Aarav,Das,26,Male,USA,Tamil Nadu,Lucknow,Finance,978305,9,2022-05-19,2.39,aarav.das1790@example.com,7193632334
756,Ishaan,Verma,54,Female,USA,Maharashtra,Hyderabad,HR,975754,1,2018-06-18,1.54,ishaan.verma756@example.com,9023758841
481,Aarav,Gupta,42,Male,USA,Delhi,Bangalore,Sales,975249,13,2024-01-27,2.52,aarav.gupta481@example.com,8857562871
1246,Kabir,Singh,22,Male,India,Maharashtra,Delhi,Engineering,973798,4,2019-05-17,2.52,kabir.singh1246@example.com,9621056256
1858,Aarav,Gupta,50,Female,USA,UP,Delhi,Sales,973738,3,2018-10-27,3.06,aarav.gupta1858@example.com,9849005506
1977,Arjun,Verma,34,Female,USA,Delhi,Mumbai,Marketing,973666,14,2015-12-28,1.2,arjun.verma1977@example.com,7528026972
1145,Vihaan,Verma,55,Female,India,UP,Lucknow,Engineering,973008,12,2024-12-04,3.37,vihaan.verma1145@example.com,8752463726
811,Aditya,Sharma,23,Male,Canada,Delhi,Bangalore,Finance,972261,8,2016-02-12,3.08,aditya.sharma811@example.com,9722481180
319,Ishaan,Gupta,53,Female,UK,Tamil Nadu,Hyderabad,Operations,971608,13,2023-08-16,2.29,ishaan.gupta319@example.com,7778053596
367,Aarav,Das,25,Female,USA,Karnataka,Hyderabad,Finance,968697,0,2016-05-26,2.58,aarav.das367@example.com,7189168862
387,Reyansh,Verma,46,Female,UK,UP,Mumbai,HR,968572,11,2021-10-21,1.18,reyansh.verma387@example.com,8065613190
238,Vihaan,Sharma,36,Female,UK,UP,Mumbai,Finance,967262,0,2021-01-19,4.2,vihaan.sharma238@example.com,7222437873
646,Vihaan,Sharma,50,Female,Australia,Delhi,Mumbai,HR,966433,4,2021-09-04,4.17,vihaan.sharma646@example.com,8865299007
1059,Arjun,Das,28,Male,India,Delhi,Bangalore,Operations,965288,8,2018-09-12,3.12,arjun.das1059@example.com,7823395355
644,Aditya,Mehta,47,Male,Canada,Tamil Nadu,Chennai,Engineering,963639,12,2015-11-29,2.07,aditya.mehta644@example.com,9805917153
231,Vihaan,Gupta,37,Female,Canada,Maharashtra,Chennai,Marketing,962319,0,2016-06-22,4.8,vihaan.gupta231@example.com,8998747199
1618,Kabir,Singh,52,Male,Canada,Karnataka,Bangalore,Finance,962187,13,2019-05-29,1.49,kabir.singh1618@example.com,7898357980
1390,Vivaan,Nair,28,Female,USA,Tamil Nadu,Mumbai,Engineering,961894,18,2024-11-20,1.76,vivaan.nair1390@example.com,8956298825
376,Sai,Nair,58,Female,Australia,UP,Mumbai,Finance,959455,3,2019-09-03,3.97,sai.nair376@example.com,8496827113
23,Arjun,Patel,27,Male,UK,Tamil Nadu,Chennai,Marketing,958281,2,2019-12-06,2.46,arjun.patel23@example.com,9233095402
1786,Vihaan,Mehta,42,Female,India,Tamil Nadu,Chennai,HR,957188,4,2020-10-03,3.23,vihaan.mehta1786@example.com,8027930002
652,Aditya,Das,51,Male,India,UP,Mumbai,Operations,956716,9,2024-06-30,4.66,aditya.das652@example.com,9733130808
1138,Sai,Gupta,35,Female,Australia,Tamil Nadu,Mumbai,Engineering,956317,7,2022-09-15,2.11,sai.gupta1138@example.com,8660688324
1732,Reyansh,Sharma,58,Female,Canada,Maharashtra,Bangalore,Marketing,955771,11,2020-11-20,3.43,reyansh.sharma1732@example.com,8432714226
520,Aarav,Sharma,55,Male,Australia,Delhi,Lucknow,Engineering,954814,11,2023-12-17,2.91,aarav.sharma520@example.com,8232924316
754,Reyansh,Patel,31,Female,UK,Delhi,Delhi,Sales,954106,20,2018-07-28,4.55,reyansh.patel754@example.com,8593891243
485,Arjun,Singh,59,Male,Australia,Maharashtra,Chennai,Operations,954040,10,2020-12-03,3.65,arjun.singh485@example.com,7555518868
1582,Sai,Das,60,Male,Canada,Delhi,Chennai,Sales,952966,4,2021-05-24,2.3,sai.das1582@example.com,7840255392
249,Aditya,Verma,47,Female,UK,Delhi,Lucknow,Engineering,952709,12,2022-11-13,1.06,aditya.verma249@example.com,7612994339
1273,Reyansh,Das,22,Female,UK,Karnataka,Bangalore,Operations,952642,15,2020-04-26,3.46,reyansh.das1273@example.com,8702069076
1709,Vihaan,Verma,31,Male,Canada,Tamil Nadu,Chennai,Operations,951314,0,2017-02-01,3.95,vihaan.verma1709@example.com,7665548262
1594,Vivaan,Sharma,46,Male,USA,Tamil Nadu,Lucknow,Marketing,949164,4,2016-06-20,2.17,vivaan.sharma1594@example.com,8459820940
737,Sai,Khan,23,Female,USA,Tamil Nadu,Bangalore,Engineering,948394,11,2024-04-12,2.72,sai.khan737@example.com,8925983280
1503,Krishna,Verma,23,Male,USA,Tamil Nadu,Chennai,HR,948365,3,2024-06-13,3.34,krishna.verma1503@example.com,8448302126
1724,Vivaan,Singh,32,Male,Australia,Delhi,Hyderabad,Engineering,948054,3,2024-06-28,3.08,vivaan.singh1724@example.com,9378641593
195,Vivaan,Reddy,37,Male,USA,Delhi,Hyderabad,Operations,946498,17,2023-09-17,4.96,vivaan.reddy195@example.com,8196047391
935,Ishaan,Singh,44,Female,UK,Tamil Nadu,Chennai,Marketing,944478,15,2015-01-04,4.88,ishaan.singh935@example.com,7805826073
721,Aditya,Khan,32,Female,India,UP,Chennai,Operations,944384,14,2016-08-18,3.51,aditya.khan721@example.com,8168979455
460,Krishna,Sharma,60,Female,India,UP,Bangalore,HR,941643,19,2017-05-04,1.48,krishna.sharma460@example.com,8668756112
202,Vivaan,Khan,48,Female,USA,Delhi,Hyderabad,Marketing,939833,4,2015-08-19,2.63,vivaan.khan202@example.com,8214672180
1099,Krishna,Khan,46,Female,India,Karnataka,Lucknow,Marketing,939287,4,2021-03-21,1.75,krishna.khan1099@example.com,8422079471
1309,Vihaan,Singh,41,Male,UK,Tamil Nadu,Hyderabad,Operations,939144,11,2024-05-21,1.77,vihaan.singh1309@example.com,7605346695
1108,Aarav,Das,45,Male,UK,Delhi,Lucknow,Finance,938781,14,2017-02-04,4.99,aarav.das1108@example.com,9906220531
840,Arjun,Gupta,57,Male,USA,Delhi,Bangalore,Engineering,938001,10,2019-03-26,2.13,arjun.gupta840@example.com,8911675383
1396,Reyansh,Sharma,59,Female,Australia,UP,Chennai,Marketing,937924,2,2018-01-14,2.43,reyansh.sharma1396@example.com,7321231663
949,Kabir,Das,54,Male,USA,Karnataka,Lucknow,Finance,937479,11,2020-12-19,1.8,kabir.das949@example.com,8281042681
1544,Kabir,Das,58,Male,USA,UP,Hyderabad,HR,937148,7,2015-08-01,1.4,kabir.das1544@example.com,9238251728
921,Sai,Sharma,21,Female,USA,Maharashtra,Bangalore,HR,935815,10,2024-12-23,4.43,sai.sharma921@example.com,7610121406
639,Vivaan,Sharma,52,Male,UK,Delhi,Bangalore,Operations,935769,10,2024-06-30,1.65,vivaan.sharma639@example.com,9184079938
950,Sai,Singh,39,Male,India,Tamil Nadu,Lucknow,Sales,931771,5,2015-06-19,1.66,sai.singh950@example.com,9042114511
514,Vihaan,Khan,32,Female,Canada,Karnataka,Bangalore,Engineering,931459,4,2017-02-12,2.38,vihaan.khan514@example.com,7927351769
690,Arjun,Patel,25,Female,USA,UP,Bangalore,Operations,931403,14,2022-09-21,2.05,arjun.patel690@example.com,7691657111
454,Aditya,Sharma,43,Female,India,Karnataka,Mumbai,Finance,930978,2,2018-04-07,3.45,aditya.sharma454@example.com,9519299705
225,Aditya,Das,42,Male,India,UP,Lucknow,HR,930253,10,2024-04-07,1.66,aditya.das225@example.com,7155188677
177,Reyansh,Singh,58,Male,India,Karnataka,Lucknow,Operations,928328,12,2021-03-02,1.72,reyansh.singh177@example.com,7310773395
582,Kabir,Das,56,Female,Australia,Karnataka,Bangalore,Finance,928002,13,2019-03-04,4.71,kabir.das582@example.com,7433174041
1184,Aditya,Das,36,Male,India,Delhi,Delhi,Operations,927258,7,2016-10-13,4.81,aditya.das1184@example.com,8208418105
124,Reyansh,Das,42,Female,India,Karnataka,Delhi,Engineering,925004,0,2022-10-21,3.66,reyansh.das124@example.com,7620707730
385,Kabir,Mehta,36,Male,India,Tamil Nadu,Chennai,Sales,924595,6,2016-08-17,4.65,kabir.mehta385@example.com,9298745141
1779,Kabir,Nair,60,Female,India,Delhi,Mumbai,Operations,924560,13,2021-07-18,3.76,kabir.nair1779@example.com,8785338305
1243,Arjun,Das,36,Male,Canada,Delhi,Delhi,Engineering,923999,6,2022-07-26,1.56,arjun.das1243@example.com,7006755081
1432,Vihaan,Gupta,30,Male,Australia,Delhi,Lucknow,Finance,923906,12,2022-11-30,4.14,vihaan.gupta1432@example.com,9866463742
1813,Aditya,Singh,24,Male,UK,UP,Hyderabad,Operations,923615,17,2017-01-09,2.03,aditya.singh1813@example.com,7550908680
1538,Reyansh,Sharma,25,Male,India,Karnataka,Delhi,HR,921020,2,2015-01-02,3.97,reyansh.sharma1538@example.com,7919809659
1739,Vivaan,Mehta,53,Male,India,Tamil Nadu,Mumbai,HR,919247,11,2020-12-03,3.59,vivaan.mehta1739@example.com,7857538739
897,Aditya,Das,22,Female,USA,Karnataka,Lucknow,HR,918587,6,2016-11-01,3.4,aditya.das897@example.com,7306400860
1482,Vihaan,Singh,28,Male,Australia,UP,Lucknow,Engineering,917977,17,2023-11-04,4.18,vihaan.singh1482@example.com,8295317704
556,Aarav,Patel,23,Female,USA,Tamil Nadu,Mumbai,Finance,914818,11,2022-01-09,4.4,aarav.patel556@example.com,8037744451
106,Aditya,Khan,54,Male,Australia,Delhi,Lucknow,Finance,913052,18,2015-08-09,3.5,aditya.khan106@example.com,8329066822
1513,Krishna,Das,25,Female,Canada,Karnataka,Lucknow,Operations,909248,11,2024-12-16,3.32,krishna.das1513@example.com,9018250660
1151,Ishaan,Das,50,Male,USA,Tamil Nadu,Chennai,Operations,907089,12,2019-09-08,2.31,ishaan.das1151@example.com,8816950790
1735,Krishna,Reddy,39,Male,USA,Tamil Nadu,Delhi,Operations,906950,13,2016-09-16,2.27,krishna.reddy1735@example.com,8094843360
1981,Aditya,Reddy,31,Male,India,UP,Chennai,HR,906815,12,2022-10-01,3.12,aditya.reddy1981@example.com,7323638729
18,Vivaan,Khan,50,Female,India,Maharashtra,Hyderabad,Engineering,904842,4,2016-05-01,2.66,vivaan.khan18@example.com,9117074454
1682,Krishna,Khan,48,Male,Australia,Delhi,Lucknow,HR,904218,4,2021-03-25,1.58,krishna.khan1682@example.com,8294158739
836,Kabir,Sharma,43,Female,Canada,Delhi,Chennai,Engineering,903429,13,2016-05-02,1.02,kabir.sharma836@example.com,9964914183
999,Arjun,Sharma,44,Male,UK,Karnataka,Lucknow,Finance,901293,7,2016-04-24,3.02,arjun.sharma999@example.com,9562336805
1064,Krishna,Singh,25,Female,UK,Tamil Nadu,Chennai,Sales,898550,15,2024-09-22,1.54,krishna.singh1064@example.com,9154365035
1472,Ishaan,Patel,55,Female,UK,Delhi,Mumbai,Sales,898457,3,2024-05-18,2.21,ishaan.patel1472@example.com,7136643146
817,Sai,Reddy,46,Female,UK,Tamil Nadu,Hyderabad,Operations,897881,20,2024-02-25,4.71,sai.reddy817@example.com,9434947872
1590,Krishna,Singh,22,Male,India,Tamil Nadu,Hyderabad,HR,892823,5,2020-04-28,3.27,krishna.singh1590@example.com,9751513169
516,Sai,Gupta,58,Female,Australia,Tamil Nadu,Mumbai,Finance,892350,11,2015-09-13,4.43,sai.gupta516@example.com,7480153058
1753,Reyansh,Reddy,45,Female,India,Maharashtra,Mumbai,Finance,890855,20,2018-01-14,2.66,reyansh.reddy1753@example.com,9792963885
315,Krishna,Mehta,33,Male,UK,Delhi,Delhi,HR,890625,10,2018-04-10,4.04,krishna.mehta315@example.com,9146280689
272,Sai,Verma,22,Female,Australia,Delhi,Mumbai,Finance,888212,17,2017-02-24,4.52,sai.verma272@example.com,7575552153
844,Reyansh,Nair,43,Female,India,Karnataka,Mumbai,Sales,887609,16,2018-08-10,3.93,reyansh.nair844@example.com,9383213364
1017,Aditya,Sharma,34,Female,Canada,Karnataka,Chennai,Finance,886300,2,2022-02-02,1.41,aditya.sharma1017@example.com,9860514685
439,Aarav,Mehta,56,Female,UK,Karnataka,Delhi,HR,885687,0,2021-12-29,2.99,aarav.mehta439@example.com,7234399567
789,Vihaan,Reddy,25,Female,Canada,UP,Delhi,Finance,885020,9,2024-02-23,4.43,vihaan.reddy789@example.com,7555045159
1581,Vivaan,Patel,50,Male,USA,Karnataka,Chennai,Operations,884725,6,2015-09-01,4.8,vivaan.patel1581@example.com,7177078639
137,Vihaan,Singh,55,Male,Canada,UP,Bangalore,Operations,884269,19,2015-10-18,4.93,vihaan.singh137@example.com,9331443381
1764,Vihaan,Sharma,38,Male,USA,Delhi,Bangalore,Finance,881937,18,2020-01-28,2.98,vihaan.sharma1764@example.com,8957163504
371,Aditya,Khan,47,Male,Australia,Tamil Nadu,Delhi,HR,881072,9,2022-04-14,2.31,aditya.khan371@example.com,7620404251
1853,Aarav,Mehta,41,Female,USA,Delhi,Lucknow,HR,880542,9,2021-04-21,4.11,aarav.mehta1853@example.com,7899479802
392,Reyansh,Mehta,44,Male,USA,Karnataka,Lucknow,Engineering,879571,4,2016-04-01,3.38,reyansh.mehta392@example.com,9584808744
1127,Aditya,Sharma,54,Female,India,Tamil Nadu,Bangalore,Sales,879512,12,2017-11-06,2.04,aditya.sharma1127@example.com,7175039159
640,Sai,Gupta,22,Male,UK,Karnataka,Chennai,Marketing,878562,14,2015-02-09,3.56,sai.gupta640@example.com,7341682132
1193,Sai,Singh,25,Female,Australia,Delhi,Bangalore,Engineering,878456,2,2016-06-02,3.89,sai.singh1193@example.com,8083114266
708,Kabir,Patel,24,Male,UK,Karnataka,Chennai,Sales,877492,9,2022-05-18,4.22,kabir.patel708@example.com,9949018937
168,Kabir,Reddy,34,Female,India,Maharashtra,Chennai,Engineering,875984,19,2022-12-08,1.99,kabir.reddy168@example.com,7613464409
1559,Vihaan,Mehta,59,Male,India,Maharashtra,Delhi,HR,875738,15,2021-06-21,4.4,vihaan.mehta1559@example.com,8930970948
1978,Krishna,Verma,37,Male,India,Maharashtra,Delhi,Marketing,871781,18,2022-03-01,4.3,krishna.verma1978@example.com,7856237654
1604,Reyansh,Patel,53,Female,UK,Tamil Nadu,Chennai,HR,867375,18,2024-03-15,2.05,reyansh.patel1604@example.com,7507055236
1180,Krishna,Sharma,47,Male,Canada,UP,Chennai,HR,866254,10,2018-09-08,1.68,krishna.sharma1180@example.com,7340300596
1379,Kabir,Reddy,23,Female,USA,UP,Chennai,Engineering,865909,11,2018-10-07,1.17,kabir.reddy1379@example.com,9137135181
1539,Aditya,Singh,42,Male,USA,Delhi,Lucknow,Engineering,865815,3,2016-12-17,4.5,aditya.singh1539@example.com,7771652026
91,Sai,Das,36,Female,UK,UP,Mumbai,Finance,865247,11,2022-07-30,3.63,sai.das91@example.com,9591865530
233,Aditya,Khan,29,Male,India,UP,Chennai,HR,864546,16,2019-09-19,3.35,aditya.khan233@example.com,7954637457
154,Aditya,Mehta,57,Male,Australia,UP,Hyderabad,Finance,864501,4,2019-01-21,2.24,aditya.mehta154@example.com,9453486814
1032,Vihaan,Singh,28,Male,Canada,UP,Lucknow,Finance,864337,15,2015-01-23,1.48,vihaan.singh1032@example.com,8411894893
591,Ishaan,Patel,46,Male,Australia,Karnataka,Delhi,HR,863713,13,2021-11-16,4.7,ishaan.patel591@example.com,7030734429
1250,Ishaan,Gupta,53,Female,India,Delhi,Mumbai,Engineering,862493,3,2021-04-09,4.39,ishaan.gupta1250@example.com,9061996606
94,Aditya,Nair,31,Male,USA,UP,Chennai,Finance,862158,11,2018-05-28,1.62,aditya.nair94@example.com,9063929234
855,Aarav,Patel,38,Male,Canada,Delhi,Hyderabad,Engineering,861029,2,2017-05-31,3.32,aarav.patel855@example.com,7092628661
564,Ishaan,Patel,27,Male,India,Delhi,Mumbai,Finance,861012,13,2020-11-02,3.9,ishaan.patel564@example.com,7987943813
1666,Arjun,Sharma,23,Male,Australia,Karnataka,Delhi,Sales,861007,2,2020-12-20,1.33,arjun.sharma1666@example.com,7657514108
806,Aarav,Nair,36,Male,UK,Maharashtra,Hyderabad,Marketing,857028,0,2024-10-05,1.1,aarav.nair806@example.com,7132870648
1517,Aarav,Mehta,35,Female,India,Tamil Nadu,Hyderabad,Marketing,856889,5,2018-09-07,2.14,aarav.mehta1517@example.com,7661600236
1245,Aditya,Sharma,42,Male,India,Maharashtra,Chennai,Operations,856522,10,2018-03-29,4,aditya.sharma1245@example.com,9002166809
1365,Vivaan,Singh,30,Male,Canada,Delhi,Hyderabad,Sales,855780,7,2015-08-15,2.81,vivaan.singh1365@example.com,8674719399
444,Kabir,Khan,34,Female,Canada,Delhi,Hyderabad,Finance,855309,15,2022-08-23,1.82,kabir.khan444@example.com,9838913073
38,Aarav,Singh,42,Male,India,UP,Lucknow,Operations,854757,9,2022-11-11,1.18,aarav.singh38@example.com,9793825040
1118,Vivaan,Reddy,35,Male,Australia,Delhi,Chennai,Sales,853398,6,2017-08-23,4,vivaan.reddy1118@example.com,9644705144
1748,Aarav,Mehta,36,Male,USA,Maharashtra,Bangalore,Marketing,852941,0,2020-09-09,2.89,aarav.mehta1748@example.com,9823862870
923,Krishna,Das,21,Male,USA,UP,Hyderabad,HR,851821,15,2015-01-14,4.75,krishna.das923@example.com,9986401294
1849,Aditya,Singh,46,Male,India,UP,Bangalore,Operations,850869,17,2018-09-01,3.8,aditya.singh1849@example.com,8611179983
1568,Kabir,Das,33,Male,USA,Delhi,Chennai,Finance,848653,11,2015-07-13,1.01,kabir.das1568@example.com,8929540716
1305,Aarav,Singh,41,Female,Australia,Maharashtra,Mumbai,Operations,847873,8,2018-10-31,4.92,aarav.singh1305@example.com,8590581403
567,Kabir,Verma,33,Male,USA,UP,Chennai,Operations,847686,18,2019-04-19,2,kabir.verma567@example.com,7726147407
1844,Aditya,Reddy,39,Male,India,Maharashtra,Mumbai,Sales,847485,20,2018-04-04,1.9,aditya.reddy1844@example.com,9285710323
1038,Krishna,Singh,33,Male,Canada,Delhi,Delhi,Operations,846917,13,2022-06-23,3.06,krishna.singh1038@example.com,8814109699
1051,Vivaan,Gupta,45,Female,USA,Delhi,Mumbai,Sales,843086,10,2020-02-18,3,vivaan.gupta1051@example.com,7036858512
1456,Reyansh,Reddy,60,Male,Australia,Tamil Nadu,Hyderabad,Operations,842781,3,2018-07-16,1.29,reyansh.reddy1456@example.com,8109110196
686,Sai,Verma,26,Female,Canada,Karnataka,Hyderabad,Sales,841498,18,2022-06-27,3.86,sai.verma686@example.com,9434060651
244,Sai,Sharma,30,Female,India,UP,Chennai,HR,841314,5,2019-09-20,3.2,sai.sharma244@example.com,8575571982
1740,Krishna,Mehta,23,Male,Canada,Karnataka,Lucknow,Marketing,840726,14,2023-02-08,1.35,krishna.mehta1740@example.com,7040873917
1271,Sai,Gupta,34,Male,Australia,Karnataka,Bangalore,Finance,835761,6,2024-09-09,1.49,sai.gupta1271@example.com,8306966754
1697,Reyansh,Nair,56,Female,India,Karnataka,Chennai,Finance,834074,9,2024-03-08,3.79,reyansh.nair1697@example.com,9799174731
1909,Sai,Singh,44,Female,USA,Delhi,Bangalore,HR,832152,5,2022-08-12,4.06,sai.singh1909@example.com,8422005897
987,Arjun,Gupta,50,Female,USA,Delhi,Delhi,Operations,831831,2,2017-10-02,1.05,arjun.gupta987@example.com,9625491595
342,Vihaan,Singh,27,Female,India,Karnataka,Delhi,Engineering,831541,11,2022-12-09,1.58,vihaan.singh342@example.com,9409362905
56,Kabir,Gupta,48,Female,USA,Maharashtra,Bangalore,Finance,830218,2,2020-03-08,3.22,kabir.gupta56@example.com,8529491944
1777,Sai,Khan,33,Female,UK,Tamil Nadu,Lucknow,Operations,830069,11,2021-08-27,1.08,sai.khan1777@example.com,9052988095
1550,Vihaan,Singh,60,Female,Australia,Karnataka,Mumbai,Engineering,829925,17,2018-10-03,4.03,vihaan.singh1550@example.com,8176446216
648,Kabir,Gupta,39,Male,Canada,Delhi,Chennai,Sales,829647,8,2020-09-25,4.79,kabir.gupta648@example.com,7704569648
718,Ishaan,Verma,21,Female,India,Tamil Nadu,Delhi,Marketing,828974,8,2023-04-18,2.65,ishaan.verma718@example.com,9870581874
474,Vihaan,Das,26,Male,Australia,Tamil Nadu,Bangalore,Engineering,825947,13,2017-05-25,4.68,vihaan.das474@example.com,9472978286
1631,Aarav,Reddy,38,Male,Australia,UP,Delhi,Operations,825837,6,2020-11-02,4.58,aarav.reddy1631@example.com,8809369512
1411,Ishaan,Gupta,38,Female,Canada,Delhi,Lucknow,HR,822388,6,2015-03-30,4.53,ishaan.gupta1411@example.com,7966668334
1470,Arjun,Nair,45,Female,Canada,Delhi,Mumbai,Operations,822148,17,2018-11-25,3.8,arjun.nair1470@example.com,7918837538
942,Sai,Das,51,Female,UK,Delhi,Bangalore,Marketing,821621,1,2015-06-07,3.36,sai.das942@example.com,7110882711
755,Ishaan,Singh,21,Female,Australia,Delhi,Chennai,Sales,820562,20,2024-04-19,3.64,ishaan.singh755@example.com,8415097166
703,Reyansh,Nair,25,Male,India,Tamil Nadu,Hyderabad,HR,818298,3,2020-07-22,3.78,reyansh.nair703@example.com,9300565462
1750,Vivaan,Nair,30,Male,India,Delhi,Chennai,Finance,817949,11,2016-06-22,4.41,vivaan.nair1750@example.com,9444048792
1289,Vihaan,Verma,42,Male,Australia,Tamil Nadu,Delhi,HR,817748,0,2023-10-04,4.37,vihaan.verma1289@example.com,8310396588
546,Aditya,Mehta,25,Male,USA,UP,Lucknow,Finance,817222,9,2023-06-16,1.59,aditya.mehta546@example.com,9727383939
1820,Aditya,Reddy,50,Female,Australia,Karnataka,Lucknow,Marketing,815117,17,2022-01-18,3.05,aditya.reddy1820@example.com,7108696425
1792,Reyansh,Das,54,Male,UK,Tamil Nadu,Delhi,Marketing,814271,6,2021-02-19,3.23,reyansh.das1792@example.com,8613920864
1776,Aditya,Reddy,24,Male,Canada,UP,Delhi,Marketing,808210,9,2021-04-08,2.25,aditya.reddy1776@example.com,9880310884
741,Vihaan,Patel,49,Female,UK,Delhi,Mumbai,Marketing,805256,0,2024-12-07,4.02,vihaan.patel741@example.com,7240469899
1061,Aditya,Verma,56,Male,Canada,Maharashtra,Chennai,Operations,798455,11,2017-01-03,1.86,aditya.verma1061@example.com,7900780807
9,Aarav,Verma,31,Male,India,Karnataka,Chennai,Engineering,797816,9,2022-05-02,3.02,aarav.verma9@example.com,7268635410
1041,Arjun,Khan,52,Male,USA,Delhi,Bangalore,Engineering,796628,3,2016-09-25,4.68,arjun.khan1041@example.com,7218783164
323,Aarav,Nair,40,Male,USA,Maharashtra,Lucknow,Marketing,793772,17,2021-04-05,1.68,aarav.nair323@example.com,7531422932
906,Krishna,Gupta,22,Female,India,Maharashtra,Bangalore,HR,793242,3,2018-05-05,3.56,krishna.gupta906@example.com,9749360970
108,Sai,Singh,40,Male,Australia,UP,Delhi,Engineering,792630,1,2023-03-06,2.08,sai.singh108@example.com,7352805144
1811,Aarav,Singh,35,Male,India,Tamil Nadu,Hyderabad,Sales,791295,2,2015-04-25,2.54,aarav.singh1811@example.com,9023069649
513,Aarav,Patel,23,Male,Australia,Delhi,Delhi,Sales,791233,4,2020-06-05,1.13,aarav.patel513@example.com,7749238325
1801,Reyansh,Patel,22,Male,Australia,Maharashtra,Hyderabad,Operations,791062,3,2023-01-13,3.28,reyansh.patel1801@example.com,9063309870
1065,Vihaan,Mehta,24,Female,USA,Maharashtra,Delhi,Engineering,789160,20,2015-05-13,4.64,vihaan.mehta1065@example.com,8454157990
1569,Vivaan,Khan,31,Male,India,Karnataka,Hyderabad,Engineering,789117,16,2016-11-14,2.56,vivaan.khan1569@example.com,7797892879
171,Reyansh,Singh,50,Female,USA,UP,Chennai,Marketing,789078,4,2016-10-25,3.02,reyansh.singh171@example.com,9984536398
1859,Aarav,Gupta,30,Male,USA,Tamil Nadu,Chennai,Operations,787396,9,2015-10-31,2.08,aarav.gupta1859@example.com,9715445181
1752,Reyansh,Patel,31,Female,USA,Karnataka,Bangalore,Finance,787198,19,2016-04-15,4.42,reyansh.patel1752@example.com,7573756833
488,Kabir,Nair,49,Female,USA,Tamil Nadu,Bangalore,Engineering,786894,20,2021-12-08,3.06,kabir.nair488@example.com,9737804128
200,Arjun,Verma,33,Female,India,Delhi,Lucknow,HR,786686,0,2020-11-22,2.09,arjun.verma200@example.com,8128743291
1647,Vivaan,Verma,59,Female,USA,Delhi,Hyderabad,Sales,786610,18,2018-08-02,4.41,vivaan.verma1647@example.com,9762997617
87,Aarav,Gupta,57,Male,USA,Maharashtra,Bangalore,Marketing,786098,15,2019-11-16,4.3,aarav.gupta87@example.com,9818160328
130,Sai,Reddy,24,Male,India,Karnataka,Mumbai,Finance,785275,8,2021-01-19,4.48,sai.reddy130@example.com,9513041295
203,Krishna,Khan,21,Female,Australia,Delhi,Bangalore,Sales,784526,1,2017-03-28,3.09,krishna.khan203@example.com,9879539530
347,Reyansh,Patel,33,Female,India,Maharashtra,Bangalore,Finance,784137,18,2024-01-21,1.24,reyansh.patel347@example.com,8653109374
1079,Sai,Singh,53,Male,USA,UP,Mumbai,Marketing,782880,12,2018-05-04,4.9,sai.singh1079@example.com,9134506783
1276,Krishna,Sharma,45,Male,Australia,Karnataka,Mumbai,Engineering,778992,6,2017-10-08,1.04,krishna.sharma1276@example.com,8415929450
185,Kabir,Verma,32,Male,Australia,Tamil Nadu,Delhi,Sales,778032,20,2020-05-27,2.85,kabir.verma185@example.com,8106596392
1338,Vihaan,Reddy,25,Female,India,Karnataka,Mumbai,Operations,776403,15,2017-10-28,1.08,vihaan.reddy1338@example.com,8803415721
859,Reyansh,Das,33,Female,Australia,UP,Hyderabad,Marketing,775475,9,2018-03-08,4.55,reyansh.das859@example.com,8281910942
1081,Vivaan,Patel,38,Male,UK,UP,Lucknow,Engineering,775403,18,2019-03-01,4.59,vivaan.patel1081@example.com,7139862376
381,Krishna,Sharma,55,Male,Australia,Karnataka,Bangalore,Operations,773306,0,2015-08-27,3.16,krishna.sharma381@example.com,8730061036
1600,Kabir,Mehta,41,Male,Australia,Tamil Nadu,Hyderabad,Sales,772862,10,2020-10-18,1.25,kabir.mehta1600@example.com,8263366196
1672,Kabir,Patel,26,Female,USA,Delhi,Bangalore,HR,771628,3,2019-03-15,4.61,kabir.patel1672@example.com,7658844871
468,Vihaan,Mehta,27,Male,UK,Delhi,Hyderabad,Finance,771281,5,2024-02-01,2.52,vihaan.mehta468@example.com,8916391210
1518,Krishna,Mehta,53,Male,India,Tamil Nadu,Lucknow,Engineering,770954,12,2023-12-24,2.78,krishna.mehta1518@example.com,9860784533
1529,Aditya,Patel,25,Male,Canada,Karnataka,Chennai,HR,770925,4,2019-02-20,1.87,aditya.patel1529@example.com,8327852989
1464,Reyansh,Mehta,45,Female,UK,UP,Lucknow,Marketing,768373,9,2020-03-13,3.71,reyansh.mehta1464@example.com,8075680034
758,Aditya,Gupta,60,Female,India,Tamil Nadu,Lucknow,HR,767650,17,2023-06-01,1.22,aditya.gupta758@example.com,9232706873
1722,Aditya,Sharma,47,Female,India,Tamil Nadu,Lucknow,Finance,766770,12,2020-03-25,2.64,aditya.sharma1722@example.com,8763700246
1235,Aditya,Gupta,29,Female,Canada,Delhi,Bangalore,Engineering,765859,20,2020-12-13,3.75,aditya.gupta1235@example.com,8202919704
1400,Aditya,Mehta,38,Female,Canada,Tamil Nadu,Lucknow,HR,765208,10,2020-09-27,4.58,aditya.mehta1400@example.com,8304952897
569,Vivaan,Khan,58,Male,Australia,Tamil Nadu,Lucknow,Engineering,764974,0,2015-05-27,1.15,vivaan.khan569@example.com,9208285101
1334,Reyansh,Reddy,35,Female,Australia,UP,Hyderabad,Marketing,762195,5,2019-01-11,1.45,reyansh.reddy1334@example.com,7703718632
1406,Aditya,Singh,42,Female,USA,Delhi,Mumbai,HR,762102,13,2020-12-18,3.54,aditya.singh1406@example.com,7984798199
781,Arjun,Reddy,35,Female,USA,UP,Hyderabad,Marketing,759658,2,2024-06-09,3.36,arjun.reddy781@example.com,7467931705
1319,Aarav,Das,28,Female,USA,Delhi,Lucknow,Sales,759308,13,2022-07-30,3.41,aarav.das1319@example.com,9539978782
1681,Sai,Khan,28,Female,India,Karnataka,Hyderabad,Finance,758206,14,2015-06-07,3.16,sai.khan1681@example.com,9764568278
459,Krishna,Khan,41,Male,Canada,Delhi,Lucknow,Finance,757939,9,2022-04-27,4.21,krishna.khan459@example.com,8614041234
517,Kabir,Gupta,33,Female,Canada,Maharashtra,Lucknow,Operations,757126,16,2017-11-14,3.12,kabir.gupta517@example.com,8042090776
388,Krishna,Nair,52,Male,Australia,Tamil Nadu,Mumbai,Engineering,756735,4,2020-01-07,4.5,krishna.nair388@example.com,7426365573
1222,Vihaan,Nair,37,Female,Australia,Delhi,Hyderabad,Marketing,756303,7,2022-03-23,1.14,vihaan.nair1222@example.com,9954535241
1564,Arjun,Sharma,54,Male,UK,UP,Bangalore,Marketing,754436,17,2023-06-20,1.77,arjun.sharma1564@example.com,7032884732
1277,Vivaan,Khan,21,Female,Canada,Maharashtra,Bangalore,Operations,754222,2,2020-05-19,3.72,vivaan.khan1277@example.com,9922422835
1822,Aarav,Das,35,Male,UK,Delhi,Mumbai,HR,753333,3,2022-12-02,3.65,aarav.das1822@example.com,9228956110
1588,Vihaan,Das,29,Female,India,Maharashtra,Mumbai,Marketing,752961,19,2023-09-09,1.34,vihaan.das1588@example.com,9467998297
1139,Aarav,Singh,57,Male,Australia,Delhi,Mumbai,Marketing,752585,14,2022-09-16,2.98,aarav.singh1139@example.com,7281455289
862,Reyansh,Khan,54,Female,Australia,Maharashtra,Lucknow,Marketing,751636,18,2021-12-01,3.29,reyansh.khan862@example.com,8529232376
313,Vivaan,Gupta,58,Female,USA,Delhi,Delhi,Engineering,750664,15,2021-10-17,1.32,vivaan.gupta313@example.com,8724338678
292,Vihaan,Reddy,40,Female,USA,Tamil Nadu,Lucknow,Operations,749687,15,2018-04-25,2.1,vihaan.reddy292@example.com,8174059583
876,Arjun,Gupta,41,Male,USA,Delhi,Lucknow,Engineering,749434,14,2023-12-07,1.58,arjun.gupta876@example.com,8786245595
1621,Arjun,Khan,45,Male,India,UP,Hyderabad,Finance,749244,11,2016-07-30,1.33,arjun.khan1621@example.com,7664459834
122,Aarav,Reddy,33,Female,India,Delhi,Delhi,HR,748500,7,2017-02-28,4.6,aarav.reddy122@example.com,7030916047
977,Aditya,Das,30,Female,UK,Tamil Nadu,Hyderabad,Operations,747678,9,2023-04-07,3.25,aditya.das977@example.com,9599062591
1751,Kabir,Nair,26,Male,India,UP,Lucknow,HR,747591,4,2019-08-08,3.15,kabir.nair1751@example.com,7371716234
1416,Ishaan,Gupta,24,Female,USA,Maharashtra,Bangalore,Marketing,747130,18,2016-11-30,2.17,ishaan.gupta1416@example.com,7579878645
13,Kabir,Gupta,47,Female,Canada,Tamil Nadu,Lucknow,Finance,747000,3,2020-07-18,4.82,kabir.gupta13@example.com,7321861865
1189,Aarav,Singh,43,Male,India,Tamil Nadu,Chennai,Marketing,745571,19,2023-02-20,1.78,aarav.singh1189@example.com,8950544374
1908,Kabir,Reddy,28,Female,Canada,Karnataka,Delhi,Marketing,744115,4,2022-08-17,3.23,kabir.reddy1908@example.com,7907796196
1955,Reyansh,Mehta,41,Female,USA,Delhi,Mumbai,Operations,743167,7,2018-02-24,2.19,reyansh.mehta1955@example.com,7513500850
307,Vivaan,Verma,54,Female,India,Karnataka,Delhi,HR,743119,13,2017-09-19,2.13,vivaan.verma307@example.com,7147888355
1609,Ishaan,Khan,25,Male,Canada,Tamil Nadu,Lucknow,Engineering,742349,20,2024-05-29,3.57,ishaan.khan1609@example.com,8134580805
761,Reyansh,Mehta,22,Male,Canada,Karnataka,Delhi,Marketing,741416,6,2020-02-09,3.81,reyansh.mehta761@example.com,7822276401
1492,Vivaan,Das,47,Female,Canada,Karnataka,Chennai,Engineering,740540,14,2019-03-17,3.55,vivaan.das1492@example.com,9917934564
471,Vivaan,Reddy,47,Female,UK,Tamil Nadu,Hyderabad,Marketing,739812,8,2016-02-14,2.75,vivaan.reddy471@example.com,9781002066
479,Arjun,Reddy,23,Female,USA,Karnataka,Delhi,Sales,738602,14,2023-05-09,4.75,arjun.reddy479@example.com,8542169848
234,Aditya,Verma,46,Female,Australia,Maharashtra,Chennai,HR,737510,16,2018-03-09,2.19,aditya.verma234@example.com,7174039866
958,Aditya,Nair,50,Female,USA,Karnataka,Lucknow,Operations,736865,5,2016-10-18,3.23,aditya.nair958@example.com,9432543529
1208,Vihaan,Sharma,40,Male,India,Tamil Nadu,Delhi,Engineering,736255,8,2022-05-07,3.07,vihaan.sharma1208@example.com,8639797050
1084,Aditya,Singh,34,Female,India,Maharashtra,Delhi,Marketing,729673,19,2024-01-05,2.69,aditya.singh1084@example.com,8665994589
1964,Vivaan,Verma,45,Female,Canada,Maharashtra,Hyderabad,HR,727860,16,2020-03-07,3.65,vivaan.verma1964@example.com,8962956556
1649,Vivaan,Patel,30,Female,Canada,Delhi,Lucknow,Sales,727627,4,2023-02-21,4.21,vivaan.patel1649@example.com,8666262645
1157,Krishna,Sharma,57,Male,India,Karnataka,Lucknow,Operations,723339,14,2015-07-11,1.37,krishna.sharma1157@example.com,8166836694
944,Kabir,Patel,46,Female,UK,Tamil Nadu,Mumbai,HR,723202,10,2020-03-08,1.14,kabir.patel944@example.com,7591917873
815,Kabir,Reddy,28,Female,USA,Karnataka,Mumbai,Marketing,722739,12,2018-11-26,2.87,kabir.reddy815@example.com,9795442867
1333,Sai,Patel,30,Female,Canada,Maharashtra,Chennai,Engineering,722568,18,2023-11-20,2.81,sai.patel1333@example.com,7482440700
1719,Sai,Gupta,58,Male,Australia,UP,Mumbai,Finance,722275,20,2017-08-18,2.41,sai.gupta1719@example.com,8109556321
1794,Krishna,Sharma,60,Female,USA,Karnataka,Lucknow,Engineering,720990,18,2019-02-19,2.84,krishna.sharma1794@example.com,9431531377
1356,Krishna,Reddy,41,Female,UK,Delhi,Chennai,Engineering,720021,6,2021-09-06,2.41,krishna.reddy1356@example.com,9237130060
236,Vivaan,Nair,48,Male,India,Tamil Nadu,Hyderabad,Operations,713675,6,2024-10-01,4.8,vivaan.nair236@example.com,7318957591
1204,Vihaan,Mehta,36,Male,Canada,Tamil Nadu,Delhi,Marketing,713276,8,2022-07-19,2.79,vihaan.mehta1204@example.com,7998100763
475,Ishaan,Reddy,58,Male,UK,UP,Hyderabad,Finance,712684,18,2020-12-26,4.9,ishaan.reddy475@example.com,8266914339
795,Sai,Verma,32,Male,Canada,UP,Hyderabad,Finance,712569,6,2024-11-19,4.86,sai.verma795@example.com,8931685451
1321,Kabir,Sharma,56,Male,UK,UP,Hyderabad,Engineering,711817,0,2018-09-04,4.98,kabir.sharma1321@example.com,7855661422
215,Reyansh,Nair,37,Male,India,Delhi,Mumbai,Operations,710321,7,2016-06-23,4.46,reyansh.nair215@example.com,7785790327
438,Vihaan,Patel,27,Female,Canada,Maharashtra,Delhi,HR,709055,15,2021-03-23,1.3,vihaan.patel438@example.com,7341311424
928,Aditya,Khan,42,Female,India,Maharashtra,Delhi,Operations,704703,18,2018-06-15,2.03,aditya.khan928@example.com,8214650774
266,Reyansh,Das,30,Female,Canada,Tamil Nadu,Lucknow,Operations,704463,7,2021-01-05,3,reyansh.das266@example.com,7923872954
1299,Reyansh,Nair,60,Female,UK,Maharashtra,Mumbai,Engineering,702986,9,2015-10-20,2.36,reyansh.nair1299@example.com,7986914447
540,Aditya,Das,28,Male,USA,Karnataka,Chennai,HR,701375,12,2017-11-17,2.39,aditya.das540@example.com,9581460717
902,Sai,Reddy,44,Male,USA,Maharashtra,Delhi,Sales,701370,4,2019-11-06,4.86,sai.reddy902@example.com,8217663148
1425,Krishna,Khan,53,Female,USA,Karnataka,Mumbai,Marketing,700671,4,2020-07-16,2.63,krishna.khan1425@example.com,7696439436
1868,Vivaan,Nair,29,Male,India,Tamil Nadu,Chennai,Marketing,700167,2,2015-09-04,4.6,vivaan.nair1868@example.com,9637280617
1263,Kabir,Khan,60,Male,Australia,Delhi,Delhi,HR,699760,8,2015-07-16,3.33,kabir.khan1263@example.com,8627612388
256,Vihaan,Reddy,33,Female,UK,UP,Bangalore,HR,699333,6,2018-01-02,3.69,vihaan.reddy256@example.com,8056604682
1793,Krishna,Reddy,48,Female,UK,Maharashtra,Lucknow,Marketing,699219,8,2020-06-26,1.4,krishna.reddy1793@example.com,7019029296
1702,Ishaan,Verma,36,Male,Australia,Maharashtra,Bangalore,Sales,698981,16,2020-11-04,4.8,ishaan.verma1702@example.com,8643784254
1219,Krishna,Gupta,41,Male,India,UP,Lucknow,Finance,698436,12,2020-03-12,1.94,krishna.gupta1219@example.com,7238965232
1167,Kabir,Khan,39,Female,Australia,UP,Mumbai,Marketing,697733,8,2015-04-12,1.8,kabir.khan1167@example.com,9924959581
1833,Krishna,Sharma,42,Male,USA,Maharashtra,Bangalore,Engineering,695951,19,2015-10-29,3.49,krishna.sharma1833@example.com,8422926725
1475,Kabir,Patel,25,Female,India,Maharashtra,Hyderabad,Sales,695763,4,2023-11-24,4.36,kabir.patel1475@example.com,7277749007
1052,Arjun,Singh,40,Male,USA,UP,Delhi,Operations,692190,12,2016-01-18,4.95,arjun.singh1052@example.com,9113405679
1430,Sai,Singh,54,Male,India,Maharashtra,Lucknow,Marketing,692161,20,2020-09-09,1.05,sai.singh1430@example.com,9979291426
589,Ishaan,Singh,52,Female,India,Delhi,Chennai,Finance,690267,11,2016-10-01,3.94,ishaan.singh589@example.com,9621490740
1729,Aditya,Khan,23,Male,Australia,Delhi,Mumbai,Finance,689383,19,2017-05-06,1.35,aditya.khan1729@example.com,8968839813
1259,Ishaan,Gupta,31,Female,India,UP,Bangalore,Marketing,687868,14,2018-09-06,4.1,ishaan.gupta1259@example.com,7345149208
525,Vihaan,Nair,49,Female,UK,Delhi,Lucknow,Finance,687181,5,2015-03-30,1.97,vihaan.nair525@example.com,8397993651
1637,Kabir,Patel,41,Female,Canada,Maharashtra,Hyderabad,Finance,682032,19,2019-10-24,4.34,kabir.patel1637@example.com,9256966052
1369,Aditya,Mehta,52,Female,USA,Delhi,Chennai,Finance,681721,5,2024-02-27,3.24,aditya.mehta1369@example.com,9019403714
1153,Vivaan,Patel,48,Male,USA,Delhi,Delhi,Marketing,681651,10,2016-04-27,4.27,vivaan.patel1153@example.com,7074156559
372,Krishna,Patel,54,Female,Canada,Maharashtra,Hyderabad,HR,680076,20,2023-11-10,1.62,krishna.patel372@example.com,7553524708
1608,Aarav,Nair,44,Female,UK,Delhi,Chennai,HR,679900,3,2016-11-27,4.99,aarav.nair1608@example.com,9669820529
499,Krishna,Verma,48,Male,UK,UP,Mumbai,Marketing,679439,11,2017-05-08,4.71,krishna.verma499@example.com,7484036488
280,Kabir,Verma,36,Male,Australia,UP,Hyderabad,Operations,678953,7,2022-11-08,1.19,kabir.verma280@example.com,8689603015
398,Reyansh,Nair,27,Female,UK,UP,Mumbai,HR,677048,7,2016-03-02,3.61,reyansh.nair398@example.com,9605510530
64,Aarav,Reddy,59,Female,India,Tamil Nadu,Hyderabad,Engineering,676626,15,2018-09-13,3.39,aarav.reddy64@example.com,8244771686
111,Vihaan,Verma,28,Male,India,Tamil Nadu,Chennai,Marketing,676327,4,2017-10-29,1.71,vihaan.verma111@example.com,7836251839
1313,Arjun,Patel,56,Male,Australia,UP,Hyderabad,Sales,672628,7,2017-05-13,4.45,arjun.patel1313@example.com,8846530955
1810,Aditya,Mehta,39,Female,India,Karnataka,Mumbai,Finance,670604,13,2018-02-13,3.37,aditya.mehta1810@example.com,8064552282
1340,Ishaan,Reddy,42,Female,India,Tamil Nadu,Mumbai,Operations,666953,15,2020-07-23,2.25,ishaan.reddy1340@example.com,7620582276
1401,Vihaan,Sharma,32,Male,Australia,Maharashtra,Lucknow,HR,666370,1,2017-10-11,2.5,vihaan.sharma1401@example.com,7371795007
1622,Arjun,Khan,45,Female,USA,Karnataka,Delhi,Sales,665893,5,2024-04-20,4.18,arjun.khan1622@example.com,8096620087
2,Aditya,Reddy,49,Male,Australia,UP,Lucknow,Engineering,665562,4,2019-11-07,1,aditya.reddy2@example.com,8923879009
1770,Arjun,Khan,30,Female,UK,Delhi,Mumbai,Marketing,665445,6,2018-03-03,1.84,arjun.khan1770@example.com,8352916934
1489,Vivaan,Sharma,35,Female,India,Maharashtra,Chennai,Marketing,664951,0,2023-11-25,2.95,vivaan.sharma1489@example.com,8143635931
880,Vivaan,Das,47,Male,Australia,Delhi,Chennai,Marketing,664297,0,2018-10-23,3.37,vivaan.das880@example.com,7767390392
667,Krishna,Reddy,50,Female,Canada,Tamil Nadu,Mumbai,Sales,663700,17,2020-05-31,1.77,krishna.reddy667@example.com,9543752687
1261,Aditya,Gupta,25,Male,USA,Maharashtra,Hyderabad,HR,663512,17,2017-01-18,4.27,aditya.gupta1261@example.com,9435661054
1282,Aditya,Das,27,Male,Australia,Delhi,Lucknow,Marketing,662677,1,2017-05-25,4.95,aditya.das1282@example.com,9385036053
882,Arjun,Sharma,41,Female,USA,Delhi,Lucknow,Sales,662359,3,2016-11-23,2.92,arjun.sharma882@example.com,8701236910
1414,Aditya,Khan,40,Female,Canada,Karnataka,Mumbai,Engineering,662317,18,2018-02-14,2.77,aditya.khan1414@example.com,8995553276
879,Ishaan,Mehta,47,Female,UK,UP,Lucknow,Finance,662066,5,2022-10-31,2.85,ishaan.mehta879@example.com,7576813617
48,Ishaan,Patel,25,Male,India,Maharashtra,Bangalore,HR,661166,9,2016-10-19,1.54,ishaan.patel48@example.com,9125987665
22,Sai,Nair,34,Female,UK,Tamil Nadu,Mumbai,HR,659905,13,2017-01-24,3.94,sai.nair22@example.com,7774431142
705,Vivaan,Reddy,29,Male,Canada,UP,Bangalore,Operations,659458,12,2018-01-07,4.32,vivaan.reddy705@example.com,9013893445
294,Kabir,Mehta,36,Male,Canada,Karnataka,Hyderabad,Operations,659435,0,2022-05-05,4.95,kabir.mehta294@example.com,7991705105
1254,Aditya,Sharma,48,Male,Australia,Karnataka,Chennai,Sales,658607,1,2020-12-11,1.18,aditya.sharma1254@example.com,9492387624
1825,Ishaan,Das,30,Male,UK,UP,Hyderabad,Engineering,656838,11,2019-05-17,2.51,ishaan.das1825@example.com,7347065579
290,Arjun,Reddy,42,Male,Australia,Maharashtra,Delhi,Finance,653394,12,2018-02-07,4.49,arjun.reddy290@example.com,7230710687
1463,Ishaan,Nair,29,Male,India,Delhi,Mumbai,Sales,653065,3,2020-01-31,2.92,ishaan.nair1463@example.com,7501568245
71,Vihaan,Singh,39,Male,Australia,Maharashtra,Mumbai,Finance,651325,9,2022-03-05,4.86,vihaan.singh71@example.com,8469955460
1168,Vivaan,Das,40,Female,UK,Tamil Nadu,Bangalore,Finance,651027,9,2022-07-16,2.35,vivaan.das1168@example.com,8550632948
1733,Krishna,Das,37,Male,Canada,Delhi,Hyderabad,Engineering,650425,3,2024-02-09,4.38,krishna.das1733@example.com,7797218954
1178,Vihaan,Das,40,Male,USA,Delhi,Mumbai,Engineering,650267,9,2018-11-10,1.61,vihaan.das1178@example.com,8249809925
594,Reyansh,Verma,44,Male,India,Tamil Nadu,Bangalore,Marketing,647306,19,2018-01-05,1.63,reyansh.verma594@example.com,7106427414
220,Aditya,Patel,21,Male,Canada,Maharashtra,Mumbai,Finance,645394,12,2016-04-14,3.51,aditya.patel220@example.com,9268354028
602,Sai,Nair,46,Female,Australia,Tamil Nadu,Bangalore,Finance,644945,0,2024-09-25,2.21,sai.nair602@example.com,9756523640
276,Krishna,Verma,25,Female,UK,Maharashtra,Chennai,Engineering,644692,6,2022-08-09,4.63,krishna.verma276@example.com,8636440878
1252,Ishaan,Singh,27,Male,India,UP,Chennai,Marketing,644224,13,2024-10-25,3.54,ishaan.singh1252@example.com,8103733446
1653,Kabir,Patel,59,Female,UK,Tamil Nadu,Chennai,Operations,643871,15,2019-07-31,1.56,kabir.patel1653@example.com,9624373123
734,Ishaan,Gupta,51,Female,Canada,Delhi,Mumbai,Finance,643462,5,2020-11-20,1.75,ishaan.gupta734@example.com,7290556791
1011,Vihaan,Gupta,56,Male,UK,Maharashtra,Mumbai,Engineering,642959,10,2019-07-12,4.13,vihaan.gupta1011@example.com,8327007679
943,Reyansh,Verma,47,Female,Canada,Delhi,Lucknow,HR,641969,13,2024-12-21,1.67,reyansh.verma943@example.com,9852100236
1603,Aarav,Verma,25,Female,Australia,UP,Bangalore,Sales,638732,5,2022-01-23,3.31,aarav.verma1603@example.com,9310998169
993,Arjun,Reddy,43,Female,India,UP,Chennai,HR,637650,9,2016-06-07,3.83,arjun.reddy993@example.com,9717690960
1034,Vivaan,Patel,44,Male,UK,Maharashtra,Chennai,HR,634047,14,2016-02-17,2.51,vivaan.patel1034@example.com,8460785774
916,Arjun,Khan,38,Female,Canada,Maharashtra,Mumbai,HR,633699,10,2023-08-02,1.56,arjun.khan916@example.com,7081923297
1880,Sai,Gupta,46,Male,India,Karnataka,Lucknow,HR,632039,8,2022-12-29,4.97,sai.gupta1880@example.com,9882896340
378,Aditya,Mehta,31,Female,Australia,Tamil Nadu,Bangalore,Marketing,630477,15,2024-06-23,1.65,aditya.mehta378@example.com,9849371549
6,Kabir,Mehta,26,Male,Canada,Tamil Nadu,Chennai,Engineering,629849,6,2016-11-25,4.71,kabir.mehta6@example.com,9454634189
1438,Ishaan,Gupta,43,Female,USA,Delhi,Lucknow,Engineering,629575,20,2019-02-25,4.34,ishaan.gupta1438@example.com,8059959041
1807,Krishna,Singh,51,Female,UK,Delhi,Lucknow,Operations,628532,12,2018-10-20,1.31,krishna.singh1807@example.com,8500523004
3,Vivaan,Verma,22,Male,Canada,Delhi,Chennai,HR,625915,8,2018-12-22,2.08,vivaan.verma3@example.com,7881187231
931,Reyansh,Nair,23,Male,UK,Karnataka,Delhi,Marketing,624127,20,2022-02-14,3.96,reyansh.nair931@example.com,7144920659
109,Aditya,Das,24,Female,USA,Karnataka,Delhi,Marketing,620388,17,2017-04-06,1.42,aditya.das109@example.com,8799379858
214,Vivaan,Das,43,Male,India,UP,Bangalore,Sales,620288,14,2015-10-14,1.7,vivaan.das214@example.com,7277688973
619,Reyansh,Nair,37,Female,India,Karnataka,Mumbai,Engineering,618988,17,2016-11-12,3.39,reyansh.nair619@example.com,7235082024
1133,Kabir,Verma,53,Female,India,Karnataka,Mumbai,Sales,615159,19,2015-11-14,3.25,kabir.verma1133@example.com,9345145297
849,Sai,Patel,58,Female,Australia,Karnataka,Lucknow,HR,615096,2,2017-10-31,4.16,sai.patel849@example.com,8694545076
1843,Krishna,Reddy,46,Female,USA,UP,Mumbai,Finance,614773,17,2015-09-30,3.63,krishna.reddy1843@example.com,7387869376
1066,Ishaan,Sharma,37,Female,UK,Maharashtra,Mumbai,Engineering,614675,13,2024-10-18,4.42,ishaan.sharma1066@example.com,8846252419
1990,Reyansh,Verma,51,Female,Canada,Tamil Nadu,Mumbai,Operations,614239,3,2022-10-26,4.44,reyansh.verma1990@example.com,9706002119
1528,Vihaan,Nair,28,Male,Canada,Karnataka,Lucknow,Sales,614177,11,2018-08-12,3.08,vihaan.nair1528@example.com,9279149989
1995,Vivaan,Mehta,23,Male,Canada,Delhi,Lucknow,Finance,613721,4,2021-09-23,3.56,vivaan.mehta1995@example.com,9185981344
374,Aarav,Khan,59,Female,Australia,UP,Delhi,HR,612978,10,2020-01-20,3.36,aarav.khan374@example.com,9749601708
1598,Krishna,Das,28,Female,Australia,Delhi,Chennai,Sales,611112,10,2017-04-02,1.42,krishna.das1598@example.com,8445678469
1683,Aditya,Gupta,54,Female,USA,Tamil Nadu,Delhi,Operations,610740,0,2020-09-27,3.3,aditya.gupta1683@example.com,8051512425
407,Ishaan,Gupta,50,Male,USA,UP,Lucknow,Marketing,608003,8,2017-07-20,2.77,ishaan.gupta407@example.com,8640799657
915,Kabir,Singh,52,Female,Australia,Karnataka,Hyderabad,HR,607736,3,2020-07-06,4.86,kabir.singh915@example.com,7195162542
991,Sai,Nair,23,Male,UK,Tamil Nadu,Lucknow,Engineering,607164,1,2015-08-08,3.81,sai.nair991@example.com,8197061715
1711,Sai,Singh,33,Male,Canada,Maharashtra,Chennai,Operations,606514,11,2019-07-30,1.81,sai.singh1711@example.com,8901065178
1119,Sai,Gupta,52,Male,USA,UP,Hyderabad,Marketing,603038,10,2017-09-28,3.05,sai.gupta1119@example.com,7542193530
1510,Kabir,Das,33,Female,USA,Delhi,Lucknow,Marketing,602411,16,2015-11-01,3.93,kabir.das1510@example.com,8862829150
1393,Vihaan,Nair,25,Male,Australia,Maharashtra,Hyderabad,Marketing,601722,7,2024-10-22,2.45,vihaan.nair1393@example.com,9019891237
182,Kabir,Reddy,56,Female,Canada,Delhi,Chennai,HR,601159,7,2019-01-10,3.4,kabir.reddy182@example.com,9079495336
600,Krishna,Nair,51,Male,India,Delhi,Lucknow,HR,598785,8,2021-06-05,2.81,krishna.nair600@example.com,9057131386
1916,Kabir,Gupta,47,Female,UK,UP,Lucknow,HR,596307,5,2018-05-18,3.39,kabir.gupta1916@example.com,8815049147
230,Krishna,Patel,32,Male,Canada,Maharashtra,Delhi,Engineering,594749,14,2023-06-05,2.48,krishna.patel230@example.com,9681164446
577,Kabir,Reddy,58,Male,USA,Karnataka,Hyderabad,Sales,594724,16,2015-08-26,4.48,kabir.reddy577@example.com,8454403535
907,Ishaan,Khan,45,Female,Australia,Maharashtra,Hyderabad,Finance,593036,5,2022-03-11,1.57,ishaan.khan907@example.com,8369140241
1728,Sai,Das,49,Male,UK,Tamil Nadu,Lucknow,HR,591594,14,2015-01-01,1.71,sai.das1728@example.com,9550775245
278,Sai,Reddy,32,Male,USA,Maharashtra,Chennai,Sales,590817,4,2022-03-28,2.86,sai.reddy278@example.com,9287141818
492,Reyansh,Nair,43,Female,Canada,Delhi,Delhi,Marketing,590651,6,2023-10-17,1.63,reyansh.nair492@example.com,7548506895
1278,Aditya,Nair,35,Female,India,Maharashtra,Bangalore,HR,590424,14,2020-08-26,3.23,aditya.nair1278@example.com,9193968611
361,Sai,Nair,32,Female,UK,Tamil Nadu,Bangalore,HR,590046,9,2018-03-15,4.57,sai.nair361@example.com,7432153910
637,Sai,Sharma,49,Female,UK,Maharashtra,Hyderabad,Finance,588829,14,2015-11-02,1.75,sai.sharma637@example.com,8832773835
1293,Krishna,Das,23,Female,USA,Maharashtra,Delhi,Sales,588375,19,2015-08-05,1.23,krishna.das1293@example.com,7780432441
1783,Vihaan,Verma,37,Male,USA,UP,Lucknow,HR,586679,19,2018-01-01,1.48,vihaan.verma1783@example.com,7273302308
44,Ishaan,Patel,51,Female,USA,Delhi,Bangalore,HR,583673,1,2023-05-12,4.66,ishaan.patel44@example.com,9819525336
295,Arjun,Das,27,Male,USA,Delhi,Bangalore,Marketing,582325,14,2018-08-16,2.96,arjun.das295@example.com,8069457467
127,Vivaan,Gupta,43,Female,USA,Tamil Nadu,Bangalore,Sales,576379,9,2024-02-26,1.8,vivaan.gupta127@example.com,7572271031
1177,Kabir,Patel,32,Male,Canada,Karnataka,Lucknow,Operations,575369,2,2020-03-04,2.38,kabir.patel1177@example.com,7026658864
1353,Aditya,Verma,50,Male,India,Karnataka,Bangalore,Sales,573112,17,2024-03-22,3.16,aditya.verma1353@example.com,8963429148
1238,Vihaan,Sharma,57,Male,Canada,Delhi,Delhi,Operations,572426,8,2021-08-27,2.79,vihaan.sharma1238@example.com,7101658445
1543,Sai,Mehta,34,Male,USA,Maharashtra,Delhi,HR,572384,5,2023-04-11,3.08,sai.mehta1543@example.com,8295848279
1197,Krishna,Mehta,59,Female,UK,Delhi,Lucknow,Sales,571806,18,2022-02-27,1.35,krishna.mehta1197@example.com,8101707834
1227,Arjun,Gupta,38,Male,Australia,Tamil Nadu,Mumbai,Sales,570494,11,2016-03-07,4.03,arjun.gupta1227@example.com,7554815213
551,Vivaan,Khan,26,Male,UK,Tamil Nadu,Bangalore,Engineering,566475,18,2023-03-21,4.93,vivaan.khan551@example.com,9496143244
1148,Vihaan,Sharma,50,Female,India,Delhi,Mumbai,Operations,564270,13,2017-05-04,2.8,vihaan.sharma1148@example.com,8042398856
1646,Ishaan,Verma,35,Female,UK,Delhi,Lucknow,Engineering,563939,14,2021-09-10,2.62,ishaan.verma1646@example.com,7991434245
1664,Arjun,Singh,43,Male,USA,UP,Chennai,Engineering,562603,16,2015-01-18,1.07,arjun.singh1664@example.com,9257398817
1295,Aditya,Das,58,Male,Canada,Karnataka,Bangalore,Sales,562113,7,2020-01-10,4.99,aditya.das1295@example.com,7800585677
1873,Sai,Singh,59,Male,USA,UP,Hyderabad,Finance,558315,0,2023-04-17,2.3,sai.singh1873@example.com,7556522588
1160,Ishaan,Verma,21,Female,UK,UP,Bangalore,Operations,553570,12,2015-07-24,1.67,ishaan.verma1160@example.com,8940818256
32,Aditya,Mehta,38,Female,Australia,Maharashtra,Delhi,Engineering,552536,7,2018-05-23,1.72,aditya.mehta32@example.com,7379169610
1803,Sai,Singh,29,Female,Canada,Maharashtra,Hyderabad,HR,551348,16,2015-09-03,1.62,sai.singh1803@example.com,7516857499
265,Arjun,Das,50,Male,USA,Maharashtra,Hyderabad,Engineering,550461,8,2023-05-10,3.58,arjun.das265@example.com,9034976068
285,Aditya,Sharma,21,Female,India,Maharashtra,Chennai,HR,549463,16,2022-07-26,2.01,aditya.sharma285@example.com,9230812743
1325,Aarav,Sharma,47,Female,Australia,Delhi,Lucknow,Marketing,549025,10,2019-07-30,1.05,aarav.sharma1325@example.com,7152598220
427,Aditya,Nair,23,Female,India,Karnataka,Mumbai,Marketing,548583,1,2016-10-11,4.87,aditya.nair427@example.com,8486468075
1298,Krishna,Verma,59,Male,Canada,Delhi,Delhi,Operations,548049,10,2017-08-19,3.04,krishna.verma1298@example.com,7098366314
1730,Reyansh,Reddy,48,Female,UK,Karnataka,Hyderabad,Marketing,547462,1,2019-06-05,3.77,reyansh.reddy1730@example.com,9780581079
335,Ishaan,Sharma,28,Female,India,UP,Delhi,Finance,547231,6,2024-02-14,1.82,ishaan.sharma335@example.com,7899575870
904,Aarav,Sharma,44,Female,USA,Delhi,Mumbai,Operations,546516,3,2018-01-04,3.09,aarav.sharma904@example.com,9211594306
163,Aditya,Nair,23,Female,India,UP,Bangalore,HR,545943,5,2017-09-29,1.2,aditya.nair163@example.com,7747198748
1703,Vivaan,Patel,49,Male,Australia,Maharashtra,Bangalore,Marketing,543420,3,2019-04-24,1.5,vivaan.patel1703@example.com,9882503914
655,Ishaan,Das,39,Male,UK,Karnataka,Chennai,Operations,542416,2,2019-03-02,3.42,ishaan.das655@example.com,8215875539
160,Krishna,Singh,34,Female,Canada,Karnataka,Mumbai,Finance,542010,8,2016-12-01,3.94,krishna.singh160@example.com,9016702432
610,Arjun,Sharma,39,Male,India,Karnataka,Chennai,Marketing,541181,17,2020-10-08,3.62,arjun.sharma610@example.com,7409126797
630,Aarav,Sharma,47,Male,India,Maharashtra,Lucknow,Marketing,540826,18,2015-07-07,1.53,aarav.sharma630@example.com,8229099834
739,Krishna,Patel,34,Male,India,Delhi,Lucknow,Sales,538125,8,2015-03-19,4.43,krishna.patel739@example.com,9654895208
1917,Arjun,Nair,31,Male,Australia,Karnataka,Delhi,Marketing,537854,20,2020-05-04,1.34,arjun.nair1917@example.com,7097153354
533,Krishna,Das,33,Male,Canada,Tamil Nadu,Lucknow,Finance,537490,17,2015-08-16,2.57,krishna.das533@example.com,7643041099
1931,Sai,Mehta,23,Male,Canada,UP,Chennai,Engineering,535932,8,2021-11-25,2.67,sai.mehta1931@example.com,9592843335
1890,Ishaan,Mehta,59,Male,Canada,Tamil Nadu,Bangalore,Operations,535592,14,2018-09-12,2.82,ishaan.mehta1890@example.com,8154886556
428,Ishaan,Verma,27,Male,India,Tamil Nadu,Hyderabad,Operations,533966,1,2017-03-14,2.09,ishaan.verma428@example.com,9488444693
747,Ishaan,Patel,30,Female,UK,Maharashtra,Chennai,Finance,533499,12,2022-08-26,2.03,ishaan.patel747@example.com,9303635398
763,Aarav,Khan,47,Male,USA,Maharashtra,Delhi,Engineering,532356,17,2018-02-25,2.96,aarav.khan763@example.com,8213396535
1063,Vihaan,Nair,51,Male,Australia,UP,Lucknow,HR,531323,16,2016-07-08,3.03,vihaan.nair1063@example.com,9330867954
653,Aditya,Gupta,24,Female,Australia,UP,Chennai,Marketing,529601,4,2024-02-18,3.59,aditya.gupta653@example.com,8875719483
1440,Sai,Sharma,56,Male,Canada,Delhi,Mumbai,HR,527956,5,2024-01-16,1.35,sai.sharma1440@example.com,7064355438
1695,Vihaan,Verma,31,Male,UK,Delhi,Chennai,Finance,527563,19,2022-08-13,3.02,vihaan.verma1695@example.com,8729810211
1898,Vivaan,Gupta,41,Male,USA,Tamil Nadu,Delhi,Engineering,525631,3,2015-07-25,3.52,vivaan.gupta1898@example.com,8829950593
1861,Kabir,Verma,52,Female,UK,Delhi,Bangalore,Finance,525285,14,2015-12-02,2.24,kabir.verma1861@example.com,7926516032
1055,Aarav,Das,59,Male,USA,Karnataka,Delhi,Engineering,524173,3,2024-06-23,2.11,aarav.das1055@example.com,8785703988
515,Krishna,Mehta,27,Male,India,Karnataka,Mumbai,Sales,523474,11,2021-08-16,4.19,krishna.mehta515@example.com,7560521067
683,Ishaan,Singh,59,Male,Australia,Karnataka,Mumbai,Marketing,521927,18,2022-12-18,1.18,ishaan.singh683@example.com,7012846067
1316,Krishna,Mehta,26,Female,Canada,Karnataka,Lucknow,HR,521730,3,2023-05-05,3.72,krishna.mehta1316@example.com,7717866366
173,Kabir,Singh,51,Female,India,UP,Bangalore,Engineering,520377,1,2023-07-16,1.63,kabir.singh173@example.com,8762576031
787,Krishna,Gupta,35,Male,India,Maharashtra,Bangalore,HR,520366,16,2017-12-03,3.18,krishna.gupta787@example.com,9142421957
506,Reyansh,Mehta,46,Female,Canada,Maharashtra,Bangalore,Operations,519839,6,2016-07-14,2.61,reyansh.mehta506@example.com,9912900553
1633,Vihaan,Gupta,42,Male,UK,Karnataka,Hyderabad,HR,518426,20,2021-06-10,3.92,vihaan.gupta1633@example.com,9724460812
1763,Reyansh,Singh,42,Male,UK,Karnataka,Hyderabad,HR,518217,7,2024-05-16,4.6,reyansh.singh1763@example.com,8478656413
351,Ishaan,Patel,43,Male,UK,Maharashtra,Chennai,Operations,515305,2,2018-03-11,2.74,ishaan.patel351@example.com,7900138935
1971,Vivaan,Patel,42,Female,USA,Tamil Nadu,Delhi,Operations,513985,2,2020-03-05,2.81,vivaan.patel1971@example.com,8170185954
1628,Vivaan,Singh,55,Male,USA,UP,Delhi,HR,513883,7,2016-11-07,4.65,vivaan.singh1628@example.com,8947886034
149,Ishaan,Khan,52,Male,Canada,Karnataka,Mumbai,Operations,513199,13,2017-12-22,2.85,ishaan.khan149@example.com,9712528607
446,Krishna,Sharma,58,Male,Canada,UP,Delhi,Engineering,513196,16,2022-09-05,3.1,krishna.sharma446@example.com,8824256246
1698,Sai,Gupta,39,Male,UK,Karnataka,Chennai,Sales,513158,0,2015-06-27,1.24,sai.gupta1698@example.com,9778857025
1584,Krishna,Singh,42,Male,India,UP,Lucknow,Finance,510782,7,2023-11-04,2.14,krishna.singh1584@example.com,9189293467
1431,Krishna,Das,41,Female,India,Karnataka,Delhi,Operations,509953,11,2019-09-20,2.78,krishna.das1431@example.com,8275309093
518,Arjun,Singh,25,Male,UK,UP,Chennai,Finance,508971,9,2024-09-10,4.23,arjun.singh518@example.com,9540963188
1078,Aarav,Sharma,39,Male,USA,Maharashtra,Delhi,Sales,507937,4,2018-11-19,1.06,aarav.sharma1078@example.com,7312704629
480,Sai,Reddy,44,Female,UK,Delhi,Lucknow,Operations,507726,20,2019-09-18,4.53,sai.reddy480@example.com,7643687415
1075,Aarav,Nair,51,Male,Australia,Tamil Nadu,Bangalore,Sales,506468,1,2020-06-12,3.64,aarav.nair1075@example.com,9237255077
1713,Vivaan,Singh,53,Female,India,Tamil Nadu,Mumbai,HR,506144,19,2021-02-16,3.37,vivaan.singh1713@example.com,9476702320
835,Arjun,Singh,30,Male,Canada,Karnataka,Mumbai,Finance,503444,17,2017-10-19,4.59,arjun.singh835@example.com,9384957985
563,Vihaan,Verma,45,Male,Australia,Delhi,Bangalore,Engineering,502423,10,2022-01-12,1.95,vihaan.verma563@example.com,7171322680
133,Reyansh,Patel,60,Female,Australia,Delhi,Delhi,Sales,501377,17,2024-07-01,1.65,reyansh.patel133@example.com,7914632703
1514,Aarav,Das,24,Female,UK,Tamil Nadu,Hyderabad,Engineering,499563,3,2021-09-03,2.11,aarav.das1514@example.com,7125331294
1838,Ishaan,Khan,30,Male,UK,Delhi,Delhi,Operations,498690,16,2016-05-09,2.12,ishaan.khan1838@example.com,9791767279
97,Kabir,Reddy,37,Male,Canada,Maharashtra,Chennai,Engineering,498580,5,2015-02-04,1.8,kabir.reddy97@example.com,9818864356
1220,Aarav,Khan,57,Male,UK,Maharashtra,Mumbai,HR,498015,11,2022-07-18,2.19,aarav.khan1220@example.com,7844618630
1765,Ishaan,Sharma,41,Female,UK,Tamil Nadu,Chennai,Operations,496737,4,2015-03-26,3.84,ishaan.sharma1765@example.com,8336767560
593,Reyansh,Gupta,32,Female,Canada,Maharashtra,Chennai,HR,495482,5,2019-07-14,3.82,reyansh.gupta593@example.com,8561950891
730,Kabir,Patel,24,Male,Australia,Maharashtra,Hyderabad,Operations,493651,3,2022-11-24,1.54,kabir.patel730@example.com,7517772275
1958,Kabir,Gupta,24,Male,India,Delhi,Mumbai,Marketing,491898,17,2022-05-04,1.64,kabir.gupta1958@example.com,8085312659
36,Reyansh,Verma,31,Female,USA,Delhi,Bangalore,Finance,490076,14,2021-01-13,1.55,reyansh.verma36@example.com,8730508076
1706,Vivaan,Mehta,52,Male,Canada,UP,Chennai,Engineering,489911,17,2018-04-18,1.05,vivaan.mehta1706@example.com,7991817081
174,Aditya,Reddy,52,Female,Canada,Maharashtra,Mumbai,HR,488885,18,2018-03-02,4.88,aditya.reddy174@example.com,8013669139
425,Vihaan,Reddy,34,Male,Australia,Tamil Nadu,Hyderabad,Marketing,488560,13,2016-05-06,4.53,vihaan.reddy425@example.com,7995186563
549,Sai,Mehta,24,Female,India,Tamil Nadu,Hyderabad,Engineering,488256,5,2019-08-11,2.16,sai.mehta549@example.com,7991175285
1710,Reyansh,Nair,56,Female,Canada,Karnataka,Lucknow,Marketing,487247,5,2024-03-02,3.85,reyansh.nair1710@example.com,9414593257
1480,Vivaan,Patel,26,Male,India,Delhi,Chennai,Sales,487216,18,2016-03-18,2.37,vivaan.patel1480@example.com,9180455624
765,Vihaan,Singh,30,Male,USA,Tamil Nadu,Hyderabad,Engineering,486780,13,2023-06-29,1.83,vihaan.singh765@example.com,7687067206
1307,Reyansh,Das,33,Male,USA,Tamil Nadu,Bangalore,Engineering,486528,20,2021-09-14,1.41,reyansh.das1307@example.com,8963121142
1573,Ishaan,Mehta,47,Female,India,Karnataka,Lucknow,Finance,486284,2,2017-12-04,2.19,ishaan.mehta1573@example.com,8697815384
677,Reyansh,Das,58,Female,Australia,Maharashtra,Bangalore,HR,485770,19,2021-10-06,4.71,reyansh.das677@example.com,8773513869
1809,Aarav,Mehta,36,Female,Canada,Maharashtra,Chennai,Marketing,485534,6,2020-12-22,4.67,aarav.mehta1809@example.com,8827233522
1090,Krishna,Mehta,37,Female,India,Delhi,Chennai,Finance,485175,3,2022-10-18,4.43,krishna.mehta1090@example.com,8573132266
441,Vihaan,Sharma,31,Female,India,Maharashtra,Chennai,HR,485137,3,2017-07-27,2.78,vihaan.sharma441@example.com,8816965733
1039,Aditya,Singh,39,Female,USA,Delhi,Mumbai,Engineering,483969,9,2016-01-05,2.71,aditya.singh1039@example.com,7328536833
1068,Aarav,Mehta,51,Male,Canada,Tamil Nadu,Bangalore,Sales,482492,2,2015-01-26,4.76,aarav.mehta1068@example.com,8081475077
1679,Reyansh,Mehta,40,Male,Australia,Karnataka,Delhi,Engineering,481380,16,2016-09-25,4.03,reyansh.mehta1679@example.com,7019628812
1827,Sai,Gupta,34,Female,Canada,Maharashtra,Bangalore,HR,481287,13,2019-04-17,4.18,sai.gupta1827@example.com,8662909768
1452,Vivaan,Nair,55,Male,USA,Delhi,Chennai,Finance,480550,14,2016-05-30,3.38,vivaan.nair1452@example.com,9313624503
814,Krishna,Nair,44,Male,Canada,Tamil Nadu,Mumbai,Finance,479598,3,2020-12-02,4.77,krishna.nair814@example.com,8634843969
970,Vihaan,Nair,35,Female,India,Maharashtra,Delhi,HR,478677,16,2020-05-11,2.06,vihaan.nair970@example.com,9240194222
267,Kabir,Mehta,45,Male,USA,Delhi,Hyderabad,Engineering,477418,5,2017-07-24,3.98,kabir.mehta267@example.com,9686740492
29,Vivaan,Gupta,34,Male,Australia,Karnataka,Delhi,HR,475871,7,2016-08-19,2.99,vivaan.gupta29@example.com,9042115526
996,Kabir,Gupta,35,Female,Canada,Maharashtra,Hyderabad,Sales,470774,12,2018-01-30,4.12,kabir.gupta996@example.com,9989230532
1136,Ishaan,Patel,52,Male,UK,Delhi,Chennai,Marketing,469931,2,2018-08-17,2.47,ishaan.patel1136@example.com,8489536359
421,Aarav,Das,35,Female,India,Tamil Nadu,Bangalore,HR,469237,12,2024-02-12,3.6,aarav.das421@example.com,9819793170
184,Ishaan,Patel,40,Female,USA,Maharashtra,Chennai,Operations,469051,4,2024-10-28,1.62,ishaan.patel184@example.com,8662777314
1237,Aditya,Gupta,33,Female,UK,UP,Chennai,Sales,466094,18,2015-03-02,1.45,aditya.gupta1237@example.com,8517567709
360,Arjun,Sharma,59,Male,Australia,Delhi,Bangalore,Finance,466085,0,2020-11-15,3.53,arjun.sharma360@example.com,8203853558
874,Vihaan,Mehta,47,Female,USA,Maharashtra,Lucknow,Operations,465271,11,2015-01-01,1.88,vihaan.mehta874@example.com,8957587184
1104,Vihaan,Gupta,51,Female,Canada,Delhi,Chennai,Operations,464994,18,2022-03-06,3.34,vihaan.gupta1104@example.com,8808030117
1048,Arjun,Sharma,35,Female,UK,Delhi,Mumbai,Finance,461170,17,2023-11-13,2.09,arjun.sharma1048@example.com,8934165497
1198,Kabir,Khan,55,Female,Australia,Delhi,Delhi,HR,457357,9,2023-11-07,2.19,kabir.khan1198@example.com,8040101809
951,Sai,Sharma,54,Male,Australia,Maharashtra,Bangalore,Finance,457051,7,2023-08-09,1.35,sai.sharma951@example.com,7905053378
1291,Ishaan,Patel,34,Female,Canada,Karnataka,Mumbai,Finance,454143,13,2019-12-14,3.74,ishaan.patel1291@example.com,9707401353
731,Vihaan,Nair,60,Female,USA,Karnataka,Lucknow,HR,453898,18,2020-07-29,3.98,vihaan.nair731@example.com,9535156755
1257,Sai,Gupta,56,Male,Canada,Maharashtra,Hyderabad,Finance,453777,10,2018-09-30,2.13,sai.gupta1257@example.com,7074530871
526,Kabir,Sharma,45,Male,UK,Maharashtra,Mumbai,Marketing,452507,20,2022-01-14,3.45,kabir.sharma526@example.com,7416589396
146,Sai,Gupta,38,Male,India,Tamil Nadu,Mumbai,Operations,452370,8,2017-09-20,1.26,sai.gupta146@example.com,7922460235
1913,Kabir,Singh,48,Male,Canada,Tamil Nadu,Hyderabad,Finance,450763,0,2020-12-02,1.22,kabir.singh1913@example.com,9581619091
1360,Reyansh,Gupta,39,Male,UK,Karnataka,Mumbai,HR,450425,6,2022-11-27,2,reyansh.gupta1360@example.com,9429411641
1998,Vivaan,Patel,45,Male,UK,Maharashtra,Hyderabad,HR,448922,18,2022-07-26,2.84,vivaan.patel1998@example.com,7973780476
1725,Ishaan,Verma,43,Female,Australia,UP,Chennai,Sales,446847,1,2017-03-22,3.8,ishaan.verma1725@example.com,7717579965
54,Vihaan,Verma,35,Female,Canada,Delhi,Hyderabad,Engineering,445295,9,2024-12-06,1.27,vihaan.verma54@example.com,7509263295
1000,Kabir,Verma,38,Male,UK,Maharashtra,Hyderabad,Marketing,445249,14,2015-06-06,2.71,kabir.verma1000@example.com,9222041508
1195,Krishna,Patel,47,Female,UK,Tamil Nadu,Bangalore,HR,444074,4,2020-09-16,3.65,krishna.patel1195@example.com,7669686383
228,Kabir,Reddy,40,Male,India,Tamil Nadu,Chennai,Engineering,443812,3,2015-12-31,4.67,kabir.reddy228@example.com,7311234087
21,Ishaan,Sharma,59,Male,Canada,Delhi,Lucknow,Sales,443417,13,2015-03-09,3.57,ishaan.sharma21@example.com,8183487088
832,Aarav,Reddy,26,Female,India,Tamil Nadu,Hyderabad,HR,440930,2,2015-08-18,2.4,aarav.reddy832@example.com,7549024437
354,Aditya,Khan,37,Male,Australia,Karnataka,Chennai,Sales,440778,6,2017-04-27,1.98,aditya.khan354@example.com,9677488033
774,Sai,Singh,38,Male,USA,Delhi,Chennai,HR,437722,13,2024-01-18,1.54,sai.singh774@example.com,9852989933
1253,Kabir,Mehta,59,Female,India,UP,Lucknow,Finance,436925,9,2017-02-04,2.38,kabir.mehta1253@example.com,9087715969
620,Aditya,Nair,32,Male,Australia,Maharashtra,Chennai,Engineering,436793,9,2019-11-26,3.62,aditya.nair620@example.com,9149817428
440,Ishaan,Mehta,50,Male,UK,Karnataka,Mumbai,Marketing,435339,0,2019-05-08,1.73,ishaan.mehta440@example.com,7974181191
685,Vivaan,Singh,59,Female,India,UP,Delhi,Engineering,435237,9,2021-12-11,1.48,vivaan.singh685@example.com,7303833152
142,Reyansh,Nair,34,Male,Australia,Maharashtra,Delhi,HR,434918,7,2018-01-14,3.62,reyansh.nair142@example.com,7398235392
210,Krishna,Mehta,60,Female,Australia,Karnataka,Delhi,Sales,434911,19,2019-04-03,2.22,krishna.mehta210@example.com,9009065755
528,Kabir,Verma,41,Male,Canada,UP,Delhi,Marketing,434806,11,2024-03-16,3.98,kabir.verma528@example.com,9375784080
980,Aarav,Mehta,35,Male,UK,Delhi,Bangalore,Marketing,434389,13,2019-11-10,3.81,aarav.mehta980@example.com,8189373329
1610,Aarav,Gupta,50,Male,UK,Delhi,Chennai,Finance,432801,12,2022-07-08,3.34,aarav.gupta1610@example.com,9206857681
1485,Arjun,Das,29,Male,Canada,Maharashtra,Mumbai,Engineering,431392,19,2019-06-07,1.78,arjun.das1485@example.com,7299283272
1487,Aarav,Nair,36,Male,Australia,Karnataka,Hyderabad,Operations,428569,11,2023-09-01,2.91,aarav.nair1487@example.com,7997300924
1969,Arjun,Verma,24,Female,India,Karnataka,Chennai,Marketing,427800,16,2022-04-19,4.15,arjun.verma1969@example.com,7859561851
852,Vihaan,Mehta,59,Female,India,Tamil Nadu,Hyderabad,Finance,427791,3,2022-04-07,3.01,vihaan.mehta852@example.com,8910270348
899,Krishna,Verma,33,Female,UK,Tamil Nadu,Lucknow,Operations,426382,9,2021-04-04,4.02,krishna.verma899@example.com,8677357809
1928,Vihaan,Khan,46,Male,Australia,Karnataka,Hyderabad,HR,425585,2,2017-07-14,4.79,vihaan.khan1928@example.com,7412833950
714,Vihaan,Nair,41,Female,USA,Karnataka,Lucknow,Marketing,425216,1,2024-12-21,4.25,vihaan.nair714@example.com,8975543903
245,Aarav,Sharma,54,Female,India,UP,Lucknow,HR,423609,6,2021-07-24,1.29,aarav.sharma245@example.com,8757333044
322,Reyansh,Mehta,30,Female,UK,Karnataka,Delhi,Operations,423419,10,2018-07-02,3.79,reyansh.mehta322@example.com,7088555314
1968,Aditya,Verma,37,Female,Australia,Maharashtra,Delhi,Operations,422480,1,2018-11-20,1.03,aditya.verma1968@example.com,8628942323
1883,Sai,Das,41,Male,Australia,Karnataka,Chennai,Sales,421832,3,2022-03-18,4.8,sai.das1883@example.com,9936705117
138,Vihaan,Singh,54,Male,Canada,Tamil Nadu,Delhi,HR,421212,9,2015-12-05,2.63,vihaan.singh138@example.com,9654015633
1516,Reyansh,Das,46,Female,Canada,UP,Hyderabad,Operations,420321,11,2017-04-01,3.52,reyansh.das1516@example.com,9297549344
813,Sai,Khan,38,Male,USA,Tamil Nadu,Hyderabad,Operations,414492,9,2022-01-15,2.81,sai.khan813@example.com,7571201348
833,Vivaan,Khan,41,Female,India,Maharashtra,Mumbai,Operations,412945,15,2020-03-22,1.86,vivaan.khan833@example.com,9787671362
890,Vivaan,Patel,50,Female,Australia,Maharashtra,Lucknow,Finance,410891,12,2016-12-16,1.75,vivaan.patel890@example.com,9313167773
465,Arjun,Sharma,60,Female,UK,Maharashtra,Lucknow,Engineering,409688,13,2017-02-09,2.81,arjun.sharma465@example.com,9210983171
995,Kabir,Mehta,39,Female,India,Maharashtra,Delhi,HR,407396,14,2020-03-29,3.06,kabir.mehta995@example.com,7646756827
1837,Vivaan,Singh,33,Male,UK,Maharashtra,Delhi,Sales,406280,15,2023-03-07,1.52,vivaan.singh1837@example.com,7208446499
393,Sai,Das,51,Male,India,Maharashtra,Hyderabad,Operations,406052,11,2016-07-07,3.83,sai.das393@example.com,9281233491
1951,Kabir,Khan,34,Female,Canada,Maharashtra,Bangalore,HR,405720,11,2022-10-22,1.41,kabir.khan1951@example.com,9730906213
898,Ishaan,Nair,35,Male,India,Delhi,Delhi,Sales,405590,6,2022-07-12,3.7,ishaan.nair898@example.com,9450715166
1726,Vivaan,Das,28,Female,Canada,UP,Bangalore,Engineering,405282,9,2016-06-07,2.71,vivaan.das1726@example.com,8688561458
867,Krishna,Gupta,43,Male,Australia,Tamil Nadu,Chennai,HR,404995,20,2021-05-11,1.14,krishna.gupta867@example.com,7372846239
70,Aditya,Nair,27,Female,UK,UP,Chennai,Engineering,404952,8,2016-07-28,3.99,aditya.nair70@example.com,9684091303
1562,Ishaan,Reddy,51,Male,India,Tamil Nadu,Mumbai,Engineering,403999,12,2016-11-19,3.97,ishaan.reddy1562@example.com,9209154237
994,Vihaan,Patel,32,Female,Canada,UP,Lucknow,HR,402481,14,2023-12-12,4.66,vihaan.patel994@example.com,7428081223
262,Kabir,Khan,50,Male,USA,Tamil Nadu,Hyderabad,Marketing,401985,15,2019-10-12,2.14,kabir.khan262@example.com,9942151468
889,Aditya,Das,55,Male,USA,Karnataka,Hyderabad,Finance,401908,5,2023-03-04,3.33,aditya.das889@example.com,7308067436
1001,Reyansh,Gupta,48,Female,India,Delhi,Mumbai,Engineering,401142,0,2024-05-04,4.98,reyansh.gupta1001@example.com,7124896114
39,Aarav,Nair,33,Female,USA,Karnataka,Chennai,Sales,401014,14,2023-04-17,1.92,aarav.nair39@example.com,7517894596
158,Aarav,Das,51,Female,USA,Maharashtra,Mumbai,Finance,400162,9,2017-06-23,4.66,aarav.das158@example.com,9270445572
126,Krishna,Singh,25,Female,USA,UP,Hyderabad,Engineering,398925,9,2019-03-15,4.4,krishna.singh126@example.com,8777350833
362,Aditya,Singh,23,Female,India,Delhi,Mumbai,Sales,398601,10,2024-06-21,3.22,aditya.singh362@example.com,9974379702
1961,Vihaan,Patel,29,Female,Australia,Tamil Nadu,Delhi,Marketing,398462,5,2020-07-05,3.99,vihaan.patel1961@example.com,9761448691
1946,Kabir,Reddy,31,Female,USA,Delhi,Lucknow,Engineering,398249,20,2024-04-08,2.34,kabir.reddy1946@example.com,9036482302
933,Vivaan,Khan,22,Female,India,Karnataka,Bangalore,Operations,394547,0,2015-03-23,3.96,vivaan.khan933@example.com,7602805867
289,Sai,Das,27,Female,USA,UP,Chennai,Engineering,389725,17,2023-03-27,1.22,sai.das289@example.com,8891297896
1879,Vihaan,Khan,49,Female,India,UP,Chennai,Sales,388004,17,2018-03-23,3.26,vihaan.khan1879@example.com,9575866965
273,Sai,Reddy,57,Female,USA,Karnataka,Lucknow,Finance,387648,12,2015-01-01,1.72,sai.reddy273@example.com,9549270849
383,Krishna,Verma,22,Female,USA,Delhi,Mumbai,Marketing,385905,7,2016-02-18,1.66,krishna.verma383@example.com,7795584481
487,Aditya,Das,31,Female,Canada,Tamil Nadu,Delhi,Sales,385857,16,2022-02-17,2.83,aditya.das487@example.com,9591406519
845,Reyansh,Verma,57,Male,USA,Delhi,Chennai,HR,385611,5,2021-10-26,3.95,reyansh.verma845@example.com,7378270469
98,Ishaan,Khan,36,Male,UK,Delhi,Lucknow,Sales,383679,18,2024-04-26,3.56,ishaan.khan98@example.com,8867703928
1956,Aditya,Mehta,46,Male,UK,Karnataka,Delhi,Engineering,383557,11,2018-07-08,3.56,aditya.mehta1956@example.com,7820482058
1589,Kabir,Singh,42,Male,USA,Karnataka,Bangalore,HR,381195,4,2015-05-23,2.36,kabir.singh1589@example.com,9482399908
854,Sai,Verma,31,Male,UK,UP,Chennai,Marketing,379369,10,2017-05-13,1.38,sai.verma854@example.com,8185728421
161,Vihaan,Verma,25,Female,India,Karnataka,Mumbai,Finance,378283,18,2016-07-15,1.01,vihaan.verma161@example.com,7065384835
1980,Vivaan,Sharma,50,Male,Canada,Maharashtra,Delhi,Finance,377299,2,2021-04-04,2.99,vivaan.sharma1980@example.com,9823435630
252,Krishna,Singh,25,Female,UK,UP,Bangalore,HR,376671,4,2016-06-19,2.79,krishna.singh252@example.com,8352513504
1743,Ishaan,Nair,41,Female,India,Maharashtra,Bangalore,Engineering,374727,7,2016-08-12,2.69,ishaan.nair1743@example.com,9154965146
11,Aarav,Das,39,Male,USA,Tamil Nadu,Bangalore,Finance,374700,6,2020-11-28,4.33,aarav.das11@example.com,7414327795
1014,Krishna,Mehta,23,Male,Australia,UP,Hyderabad,HR,374646,16,2023-04-29,2.06,krishna.mehta1014@example.com,9388625789
1896,Kabir,Patel,55,Male,Canada,Maharashtra,Hyderabad,Finance,373996,12,2024-01-09,1.48,kabir.patel1896@example.com,7365762289
1521,Kabir,Patel,54,Female,India,Karnataka,Lucknow,Finance,373704,11,2016-06-21,4.41,kabir.patel1521@example.com,7029790293
363,Krishna,Mehta,53,Male,UK,Delhi,Bangalore,Finance,370258,8,2022-11-23,4.75,krishna.mehta363@example.com,8091155921
1311,Krishna,Sharma,44,Female,India,Delhi,Lucknow,Finance,367814,6,2017-09-19,1,krishna.sharma1311@example.com,9226439794
1671,Reyansh,Gupta,40,Female,Canada,Tamil Nadu,Lucknow,Sales,366682,10,2024-11-14,2.43,reyansh.gupta1671@example.com,8792173866
1571,Arjun,Khan,34,Male,India,Maharashtra,Lucknow,Finance,364773,13,2016-10-12,1.59,arjun.khan1571@example.com,7575550978
1738,Ishaan,Sharma,28,Male,Canada,Delhi,Hyderabad,Sales,363986,19,2024-03-07,3.68,ishaan.sharma1738@example.com,9095852094
470,Aarav,Das,60,Female,Australia,Maharashtra,Chennai,Marketing,360887,6,2022-03-27,1.14,aarav.das470@example.com,7636605986
1523,Aarav,Sharma,47,Female,Australia,UP,Delhi,Operations,360445,6,2022-02-21,5,aarav.sharma1523@example.com,9754511483
1419,Vivaan,Sharma,35,Female,Canada,UP,Hyderabad,Marketing,359836,8,2019-05-16,2.21,vivaan.sharma1419@example.com,9596581253
847,Arjun,Verma,44,Male,Australia,Karnataka,Delhi,HR,359737,4,2016-03-05,4.3,arjun.verma847@example.com,7952843051
1781,Krishna,Mehta,40,Male,UK,Delhi,Chennai,Marketing,359035,17,2016-01-02,4.51,krishna.mehta1781@example.com,9523096128
1821,Aarav,Khan,31,Female,USA,Maharashtra,Delhi,Engineering,356966,19,2016-09-15,2.19,aarav.khan1821@example.com,8464051181
887,Krishna,Sharma,40,Male,Australia,Delhi,Chennai,Sales,354955,13,2022-04-30,4.46,krishna.sharma887@example.com,8424871062
830,Sai,Gupta,21,Female,Canada,Delhi,Delhi,Finance,354391,17,2016-03-22,2.32,sai.gupta830@example.com,7744834586
1029,Vivaan,Verma,42,Female,UK,Karnataka,Lucknow,Sales,354246,1,2022-04-06,4.68,vivaan.verma1029@example.com,8119625796
1602,Vihaan,Das,43,Male,Australia,Delhi,Lucknow,Operations,353655,2,2022-09-06,2.05,vihaan.das1602@example.com,8384438440
1181,Krishna,Patel,42,Female,India,Karnataka,Hyderabad,Engineering,353210,4,2016-03-09,4.86,krishna.patel1181@example.com,8947987812
1170,Krishna,Das,57,Male,USA,Tamil Nadu,Hyderabad,Engineering,353045,4,2022-01-09,3.93,krishna.das1170@example.com,7566355216
586,Arjun,Das,32,Female,Australia,Karnataka,Bangalore,HR,349739,1,2023-07-16,2.04,arjun.das586@example.com,7634555751
1395,Krishna,Sharma,49,Female,UK,UP,Mumbai,Operations,349238,15,2023-05-07,2,krishna.sharma1395@example.com,9533190919
314,Reyansh,Verma,43,Male,India,UP,Bangalore,HR,348361,5,2023-04-18,4.2,reyansh.verma314@example.com,8036654419
216,Aditya,Verma,49,Male,India,Maharashtra,Chennai,Finance,348111,19,2017-05-03,2.83,aditya.verma216@example.com,9704601444
1674,Krishna,Verma,56,Female,UK,Maharashtra,Bangalore,Sales,347603,19,2016-12-04,1.39,krishna.verma1674@example.com,9194212455
1812,Krishna,Singh,26,Female,Australia,Delhi,Delhi,Marketing,344863,2,2019-01-24,3.73,krishna.singh1812@example.com,8134273571
63,Aditya,Gupta,22,Male,UK,Delhi,Lucknow,Sales,344849,3,2024-06-29,2.81,aditya.gupta63@example.com,9066236368
1477,Ishaan,Verma,47,Male,India,Delhi,Hyderabad,Marketing,344667,1,2022-01-08,3.24,ishaan.verma1477@example.com,9716921073
790,Arjun,Sharma,40,Male,USA,Tamil Nadu,Delhi,Operations,344107,6,2020-01-14,1.77,arjun.sharma790@example.com,8134122919
537,Sai,Sharma,29,Male,Australia,Tamil Nadu,Chennai,HR,343105,5,2017-12-16,3.35,sai.sharma537@example.com,8201032899
320,Kabir,Verma,21,Male,India,Karnataka,Bangalore,Engineering,342912,7,2019-02-05,2.75,kabir.verma320@example.com,7685738793
190,Reyansh,Khan,60,Male,India,UP,Bangalore,HR,342482,9,2017-08-22,2.59,reyansh.khan190@example.com,7588931535
771,Vivaan,Patel,21,Male,USA,Tamil Nadu,Chennai,Finance,342237,9,2021-06-03,2.62,vivaan.patel771@example.com,8918204331
498,Kabir,Singh,39,Female,UK,Karnataka,Mumbai,Sales,339272,13,2024-08-17,3.72,kabir.singh498@example.com,7716573271
1586,Reyansh,Verma,58,Male,Canada,UP,Delhi,Marketing,338541,8,2022-04-11,1.88,reyansh.verma1586@example.com,8463165038
1344,Kabir,Reddy,30,Female,Australia,Delhi,Mumbai,Engineering,338275,0,2015-12-08,4.67,kabir.reddy1344@example.com,8183759449
1856,Krishna,Verma,44,Female,Australia,Maharashtra,Bangalore,Marketing,338083,11,2017-03-08,1.09,krishna.verma1856@example.com,7388115115
1206,Vivaan,Nair,56,Female,UK,Tamil Nadu,Lucknow,Finance,337785,12,2015-07-31,3.81,vivaan.nair1206@example.com,8787695639
1,Vivaan,Sharma,34,Male,India,Tamil Nadu,Hyderabad,Marketing,334626,7,2015-06-22,1.26,vivaan.sharma1@example.com,7763996178
1478,Aarav,Singh,41,Female,USA,Maharashtra,Chennai,Sales,333735,0,2016-05-26,2.43,aarav.singh1478@example.com,7600163320
1680,Reyansh,Singh,30,Male,India,UP,Bangalore,HR,332219,19,2023-11-16,4.55,reyansh.singh1680@example.com,8090563317
1122,Reyansh,Sharma,25,Male,Canada,Tamil Nadu,Chennai,Marketing,331298,9,2015-09-18,4.68,reyansh.sharma1122@example.com,7729927958
522,Reyansh,Patel,52,Female,Canada,Karnataka,Lucknow,Marketing,331240,9,2016-11-23,4.69,reyansh.patel522@example.com,8267111152
1169,Arjun,Singh,26,Female,USA,Delhi,Chennai,HR,330330,9,2019-09-17,4.83,arjun.singh1169@example.com,9518200297
963,Aarav,Verma,43,Male,USA,Maharashtra,Hyderabad,Operations,330232,3,2017-09-22,1.03,aarav.verma963@example.com,9375267641
1355,Reyansh,Mehta,32,Female,Australia,UP,Delhi,Marketing,329069,19,2018-02-12,2.57,reyansh.mehta1355@example.com,8906426660
92,Arjun,Nair,39,Male,USA,UP,Lucknow,Operations,328801,0,2020-03-22,3.06,arjun.nair92@example.com,7183577810
523,Reyansh,Mehta,30,Male,Australia,Tamil Nadu,Chennai,Engineering,327589,19,2024-03-25,3.86,reyansh.mehta523@example.com,7372222552
1862,Aditya,Nair,32,Male,Canada,Delhi,Bangalore,HR,327445,18,2023-01-24,3.6,aditya.nair1862@example.com,9358445172
606,Vivaan,Verma,34,Male,India,Tamil Nadu,Chennai,Operations,327170,4,2017-11-22,4.22,vivaan.verma606@example.com,8376986095
140,Kabir,Verma,45,Female,USA,Karnataka,Delhi,Operations,325593,16,2022-09-06,3.42,kabir.verma140@example.com,7373232089
1191,Vihaan,Singh,43,Male,Australia,Maharashtra,Lucknow,Sales,324914,6,2018-08-08,4.02,vihaan.singh1191@example.com,9738713397
458,Ishaan,Nair,36,Female,Canada,Karnataka,Delhi,Marketing,322560,6,2021-01-21,2.12,ishaan.nair458@example.com,7392365650
1308,Sai,Patel,36,Male,India,UP,Delhi,HR,322446,8,2019-04-04,3.98,sai.patel1308@example.com,7714318292
1705,Aditya,Reddy,22,Female,UK,UP,Chennai,Engineering,320869,4,2018-04-16,2.74,aditya.reddy1705@example.com,8783412520
1132,Ishaan,Patel,56,Male,Australia,Maharashtra,Bangalore,Finance,320771,10,2023-07-12,3.61,ishaan.patel1132@example.com,8184450481
612,Sai,Verma,54,Female,UK,Karnataka,Mumbai,Engineering,320703,15,2018-01-17,4.48,sai.verma612@example.com,8811822315
1286,Reyansh,Khan,56,Female,Australia,UP,Chennai,Operations,319655,11,2018-06-08,4.01,reyansh.khan1286@example.com,7745621205
20,Krishna,Reddy,59,Male,Australia,Karnataka,Bangalore,Sales,319509,20,2022-05-28,1.02,krishna.reddy20@example.com,7024439149
1359,Vihaan,Nair,26,Male,Australia,Tamil Nadu,Bangalore,Engineering,313819,6,2017-04-21,1.26,vihaan.nair1359@example.com,9039963025
395,Arjun,Das,26,Female,Canada,UP,Chennai,Marketing,313502,2,2020-02-21,3.68,arjun.das395@example.com,8207666359
1857,Ishaan,Reddy,27,Female,India,UP,Chennai,Marketing,312578,10,2017-12-29,1.48,ishaan.reddy1857@example.com,7707649633
191,Sai,Khan,35,Female,Australia,Delhi,Mumbai,HR,311211,9,2020-09-25,3.28,sai.khan191@example.com,8487338282
1769,Krishna,Singh,37,Male,India,Delhi,Chennai,Engineering,310683,11,2023-01-12,2.11,krishna.singh1769@example.com,8650619541
1280,Sai,Gupta,33,Female,UK,Delhi,Hyderabad,Engineering,309945,17,2015-06-25,3.96,sai.gupta1280@example.com,8848914285
725,Sai,Sharma,30,Female,Canada,UP,Bangalore,Marketing,309243,7,2024-02-15,1.9,sai.sharma725@example.com,9343705053
1877,Aarav,Khan,26,Male,UK,Maharashtra,Bangalore,Engineering,308989,1,2017-07-06,2.25,aarav.khan1877@example.com,7487342828
194,Vihaan,Reddy,48,Male,India,Maharashtra,Chennai,Engineering,308582,17,2020-09-10,4.74,vihaan.reddy194@example.com,9055344762
277,Reyansh,Khan,22,Male,UK,Maharashtra,Hyderabad,Engineering,307709,9,2024-11-17,2.22,reyansh.khan277@example.com,8800198793
841,Reyansh,Sharma,27,Male,Canada,Karnataka,Hyderabad,Marketing,305191,10,2024-05-12,1.04,reyansh.sharma841@example.com,9016037776
1095,Arjun,Sharma,23,Male,India,Maharashtra,Hyderabad,Engineering,302582,14,2016-03-21,4.37,arjun.sharma1095@example.com,9242035629
